This is pdfTeX, Version 3.141592653-2.6-1.40.28 (TeX Live 2025/Debian) (preloaded format=pdflatex 2026.5.15)  24 SEP 2026 16:26
entering extended mode
 restricted \write18 enabled.
 file:line:error style messages enabled.
 %&-line parsing enabled.
**"/home/gen/Documenti/Tirocinio/Tesi Triennale/thesis.tex"
(/home/gen/Documenti/Tirocinio/Tesi Triennale/thesis.tex
LaTeX2e <2025-11-01>
L3 programming layer <2026-01-19>
(./uninathesis.cls
Document Class: uninathesis 2022/12/22 UniNA Thesis Class
(/usr/share/texlive/texmf-dist/tex/latex/base/book.cls
Document Class: book 2025/01/22 v1.4n Standard LaTeX document class
(/usr/share/texlive/texmf-dist/tex/latex/base/bk12.clo
File: bk12.clo 2025/01/22 v1.4n Standard LaTeX file (size option)
)
\c@part=\count275
\c@chapter=\count276
\c@section=\count277
\c@subsection=\count278
\c@subsubsection=\count279
\c@paragraph=\count280
\c@subparagraph=\count281
\c@figure=\count282
\c@table=\count283
\abovecaptionskip=\skip49
\belowcaptionskip=\skip50
\bibindent=\dimen148
) (/usr/share/texlive/texmf-dist/tex/latex/geometry/geometry.sty
Package: geometry 2020/01/02 v5.9 Page Geometry
 (/usr/share/texlive/texmf-dist/tex/latex/graphics/keyval.sty
Package: keyval 2022/05/29 v1.15 key=value parser (DPC)
\KV@toks@=\toks17
) (/usr/share/texlive/texmf-dist/tex/generic/iftex/ifvtex.sty
Package: ifvtex 2019/10/25 v1.7 ifvtex legacy package. Use iftex instead.
 (/usr/share/texlive/texmf-dist/tex/generic/iftex/iftex.sty
Package: iftex 2024/12/12 v1.0g TeX engine tests
))
\Gm@cnth=\count284
\Gm@cntv=\count285
\c@Gm@tempcnt=\count286
\Gm@bindingoffset=\dimen149
\Gm@wd@mp=\dimen150
\Gm@odd@mp=\dimen151
\Gm@even@mp=\dimen152
\Gm@layoutwidth=\dimen153
\Gm@layoutheight=\dimen154
\Gm@layouthoffset=\dimen155
\Gm@layoutvoffset=\dimen156
\Gm@dimlist=\toks18
) (/usr/share/texlive/texmf-dist/tex/latex/base/fontenc.sty
Package: fontenc 2025/07/18 v2.1d Standard LaTeX package
) (/usr/share/texlive/texmf-dist/tex/latex/microtype/microtype.sty
Package: microtype 2025/07/09 v3.2b Micro-typographical refinements (RS)
 (/usr/share/texlive/texmf-dist/tex/latex/etoolbox/etoolbox.sty
Package: etoolbox 2025/10/02 v2.5m e-TeX tools for LaTeX (JAW)
\etb@tempcnta=\count287
)
\MT@toks=\toks19
\MT@tempbox=\box53
\MT@count=\count288
LaTeX Info: Redefining \noprotrusionifhmode on input line 1087.
LaTeX Info: Redefining \leftprotrusion on input line 1088.
\MT@prot@toks=\toks20
LaTeX Info: Redefining \rightprotrusion on input line 1107.
LaTeX Info: Redefining \textls on input line 1449.
\MT@outer@kern=\dimen157
LaTeX Info: Redefining \microtypecontext on input line 2053.
LaTeX Info: Redefining \textmicrotypecontext on input line 2070.
\MT@listname@count=\count289
 (/usr/share/texlive/texmf-dist/tex/latex/microtype/microtype-pdftex.def
File: microtype-pdftex.def 2025/07/09 v3.2b Definitions specific to pdftex (RS)
LaTeX Info: Redefining \lsstyle on input line 944.
LaTeX Info: Redefining \lslig on input line 944.
\MT@outer@space=\skip51
)
Package microtype Info: Loading configuration file microtype.cfg.
 (/usr/share/texlive/texmf-dist/tex/latex/microtype/microtype.cfg
File: microtype.cfg 2025/07/09 v3.2b microtype main configuration file (RS)
)
LaTeX Info: Redefining \microtypesetup on input line 3065.
) (/usr/share/texlive/texmf-dist/tex/latex/titlesec/titlesec.sty
Package: titlesec 2025/01/04 v2.17 Sectioning titles
\ttl@box=\box54
\beforetitleunit=\skip52
\aftertitleunit=\skip53
\ttl@plus=\dimen158
\ttl@minus=\dimen159
\ttl@toksa=\toks21
\titlewidth=\dimen160
\titlewidthlast=\dimen161
\titlewidthfirst=\dimen162
 (/usr/share/texlive/texmf-dist/tex/latex/titlesec/titleps.sty)) (/usr/share/texlive/texmf-dist/tex/latex/blindtext/blindtext.sty
Package: blindtext 2012/01/06 V2.0 blindtext-Package
 (/usr/share/texlive/texmf-dist/tex/latex/tools/xspace.sty
Package: xspace 2014/10/28 v1.13 Space after command names (DPC,MH)
)
\c@blindtext=\count290
\c@Blindtext=\count291
\c@blind@countparstart=\count292
\blind@countxx=\count293
\blindtext@numBlindtext=\count294
\blind@countyy=\count295
\c@blindlist=\count296
\c@blindlistlevel=\count297
\c@blindlist@level=\count298
\blind@listitem=\count299
\c@blind@listcount=\count300
\c@blind@levelcount=\count301
\blind@mathformula=\count302
\blind@Mathformula=\count303
\c@blind@randomcount=\count304
\c@blind@randommax=\count305
\c@blind@pangramcount=\count306
\c@blind@pangrammax=\count307
) (/usr/share/texlive/texmf-dist/tex/latex/booktabs/booktabs.sty
Package: booktabs 2020/01/12 v1.61803398 Publication quality tables
\heavyrulewidth=\dimen163
\lightrulewidth=\dimen164
\cmidrulewidth=\dimen165
\belowrulesep=\dimen166
\belowbottomsep=\dimen167
\aboverulesep=\dimen168
\abovetopsep=\dimen169
\cmidrulesep=\dimen170
\cmidrulekern=\dimen171
\defaultaddspace=\dimen172
\@cmidla=\count308
\@cmidlb=\count309
\@aboverulesep=\dimen173
\@belowrulesep=\dimen174
\@thisruleclass=\count310
\@lastruleclass=\count311
\@thisrulewidth=\dimen175
) (/usr/share/texlive/texmf-dist/tex/latex/multirow/multirow.sty
Package: multirow 2024/11/12 v2.9 Span multiple rows of a table
\multirow@colwidth=\skip54
\multirow@cntb=\count312
\multirow@dima=\skip55
\bigstrutjot=\dimen176
) (/usr/share/texlive/texmf-dist/tex/latex/hyperref/hyperref.sty
Package: hyperref 2025-07-12 v7.01o Hypertext links for LaTeX
 (/usr/share/texlive/texmf-dist/tex/latex/kvsetkeys/kvsetkeys.sty
Package: kvsetkeys 2022-10-05 v1.19 Key value parser (HO)
) (/usr/share/texlive/texmf-dist/tex/generic/kvdefinekeys/kvdefinekeys.sty
Package: kvdefinekeys 2019-12-19 v1.6 Define keys (HO)
) (/usr/share/texlive/texmf-dist/tex/generic/pdfescape/pdfescape.sty
Package: pdfescape 2019/12/09 v1.15 Implements pdfTeX's escape features (HO)
 (/usr/share/texlive/texmf-dist/tex/generic/ltxcmds/ltxcmds.sty
Package: ltxcmds 2023-12-04 v1.26 LaTeX kernel commands for general use (HO)
) (/usr/share/texlive/texmf-dist/tex/generic/pdftexcmds/pdftexcmds.sty
Package: pdftexcmds 2020-06-27 v0.33 Utility functions of pdfTeX for LuaTeX (HO)
 (/usr/share/texlive/texmf-dist/tex/generic/infwarerr/infwarerr.sty
Package: infwarerr 2019/12/03 v1.5 Providing info/warning/error messages (HO)
)
Package pdftexcmds Info: \pdf@primitive is available.
Package pdftexcmds Info: \pdf@ifprimitive is available.
Package pdftexcmds Info: \pdfdraftmode found.
)) (/usr/share/texlive/texmf-dist/tex/latex/hycolor/hycolor.sty
Package: hycolor 2020-01-27 v1.10 Color options for hyperref/bookmark (HO)
) (/usr/share/texlive/texmf-dist/tex/latex/hyperref/nameref.sty
Package: nameref 2025-06-21 v2.57 Cross-referencing by name of section
 (/usr/share/texlive/texmf-dist/tex/latex/refcount/refcount.sty
Package: refcount 2019/12/15 v3.6 Data extraction from label references (HO)
) (/usr/share/texlive/texmf-dist/tex/generic/gettitlestring/gettitlestring.sty
Package: gettitlestring 2019/12/15 v1.6 Cleanup title references (HO)
 (/usr/share/texlive/texmf-dist/tex/latex/kvoptions/kvoptions.sty
Package: kvoptions 2022-06-15 v3.15 Key value format for package options (HO)
))
\c@section@level=\count313
) (/usr/share/texlive/texmf-dist/tex/generic/stringenc/stringenc.sty
Package: stringenc 2019/11/29 v1.12 Convert strings between diff. encodings (HO)
)
\@linkdim=\dimen177
\Hy@linkcounter=\count314
\Hy@pagecounter=\count315
 (/usr/share/texlive/texmf-dist/tex/latex/hyperref/pd1enc.def
File: pd1enc.def 2025-07-12 v7.01o Hyperref: PDFDocEncoding definition (HO)
Now handling font encoding PD1 ...
... no UTF-8 mapping file for font encoding PD1
) (/usr/share/texlive/texmf-dist/tex/generic/intcalc/intcalc.sty
Package: intcalc 2019/12/15 v1.3 Expandable calculations with integers (HO)
)
\Hy@SavedSpaceFactor=\count316
 (/usr/share/texlive/texmf-dist/tex/latex/hyperref/puenc.def
File: puenc.def 2025-07-12 v7.01o Hyperref: PDF Unicode definition (HO)
Now handling font encoding PU ...
... no UTF-8 mapping file for font encoding PU
)
Package hyperref Info: Hyper figures OFF on input line 4195.
Package hyperref Info: Link nesting OFF on input line 4200.
Package hyperref Info: Hyper index ON on input line 4203.
Package hyperref Info: Plain pages OFF on input line 4210.
Package hyperref Info: Backreferencing OFF on input line 4215.
Package hyperref Info: Implicit mode ON; LaTeX internals redefined.
Package hyperref Info: Bookmarks ON on input line 4462.
\c@Hy@tempcnt=\count317
 (/usr/share/texlive/texmf-dist/tex/latex/url/url.sty
\Urlmuskip=\muskip17
Package: url 2013/09/16  ver 3.4  Verb mode for urls, etc.
)
LaTeX Info: Redefining \url on input line 4801.
\XeTeXLinkMargin=\dimen178
 (/usr/share/texlive/texmf-dist/tex/generic/bitset/bitset.sty
Package: bitset 2019/12/09 v1.3 Handle bit-vector datatype (HO)
 (/usr/share/texlive/texmf-dist/tex/generic/bigintcalc/bigintcalc.sty
Package: bigintcalc 2019/12/15 v1.5 Expandable calculations on big integers (HO)
))
\Fld@menulength=\count318
\Field@Width=\dimen179
\Fld@charsize=\dimen180
Package hyperref Info: Hyper figures OFF on input line 6078.
Package hyperref Info: Link nesting OFF on input line 6083.
Package hyperref Info: Hyper index ON on input line 6086.
Package hyperref Info: backreferencing OFF on input line 6093.
Package hyperref Info: Link coloring OFF on input line 6098.
Package hyperref Info: Link coloring with OCG OFF on input line 6103.
Package hyperref Info: PDF/A mode OFF on input line 6108.
\Hy@abspage=\count319
\c@Item=\count320
\c@Hfootnote=\count321
)
Package hyperref Info: Driver (autodetected): hpdftex.
 (/usr/share/texlive/texmf-dist/tex/latex/hyperref/hpdftex.def
File: hpdftex.def 2025-07-12 v7.01o Hyperref driver for pdfTeX
\Fld@listcount=\count322
\c@bookmark@seq@number=\count323
 (/usr/share/texlive/texmf-dist/tex/latex/rerunfilecheck/rerunfilecheck.sty
Package: rerunfilecheck 2025-06-21 v1.11 Rerun checks for auxiliary files (HO)
 (/usr/share/texlive/texmf-dist/tex/generic/uniquecounter/uniquecounter.sty
Package: uniquecounter 2019/12/15 v1.4 Provide unlimited unique counter (HO)
)
Package uniquecounter Info: New unique counter `rerunfilecheck' on input line 284.
)
\Hy@SectionHShift=\skip56
) (/usr/share/texlive/texmf-dist/tex/latex/xcolor/xcolor.sty
Package: xcolor 2024/09/29 v3.02 LaTeX color extensions (UK)
 (/usr/share/texlive/texmf-dist/tex/latex/graphics-cfg/color.cfg
File: color.cfg 2016/01/02 v1.6 sample color configuration
)
Package xcolor Info: Driver file: pdftex.def on input line 274.
 (/usr/share/texlive/texmf-dist/tex/latex/graphics-def/pdftex.def
File: pdftex.def 2025/09/29 v1.2d Graphics/color driver for pdftex
) (/usr/share/texlive/texmf-dist/tex/latex/graphics/mathcolor.ltx)
Package xcolor Info: Model `cmy' substituted by `cmy0' on input line 1349.
Package xcolor Info: Model `hsb' substituted by `rgb' on input line 1353.
Package xcolor Info: Model `RGB' extended on input line 1365.
Package xcolor Info: Model `HTML' substituted by `rgb' on input line 1367.
Package xcolor Info: Model `Hsb' substituted by `hsb' on input line 1368.
Package xcolor Info: Model `tHsb' substituted by `hsb' on input line 1369.
Package xcolor Info: Model `HSB' substituted by `hsb' on input line 1370.
Package xcolor Info: Model `Gray' substituted by `gray' on input line 1371.
Package xcolor Info: Model `wave' substituted by `hsb' on input line 1372.
) (/usr/share/texlive/texmf-dist/tex/latex/tools/calc.sty
Package: calc 2025/03/01 v4.3b Infix arithmetic (KKT,FJ)
\calc@Acount=\count324
\calc@Bcount=\count325
\calc@Adimen=\dimen181
\calc@Bdimen=\dimen182
\calc@Askip=\skip57
\calc@Bskip=\skip58
LaTeX Info: Redefining \setlength on input line 86.
LaTeX Info: Redefining \addtolength on input line 87.
\calc@Ccount=\count326
\calc@Cskip=\skip59
) (/usr/share/texlive/texmf-dist/tex/latex/enumitem/enumitem.sty
Package: enumitem 2025/02/06 v3.11 Customized lists
\labelindent=\skip60
\enit@outerparindent=\dimen183
\enit@toks=\toks22
\enit@inbox=\box55
\enit@count@id=\count327
\enitdp@description=\count328
) (/usr/share/texlive/texmf-dist/tex/latex/lineno/lineno.sty
Package: lineno 2025/05/13 line numbers on paragraphs v5.5
\linenopenalty=\count329
\output=\toks23
\linenoprevgraf=\count330
\linenumbersep=\dimen184
\linenumberwidth=\dimen185
\c@linenumber=\count331
\c@pagewiselinenumber=\count332
\c@LN@truepage=\count333
\c@internallinenumber=\count334
\c@internallinenumbers=\count335
\quotelinenumbersep=\dimen186
\bframerule=\dimen187
\bframesep=\dimen188
\bframebox=\box56
) (./uninafrontespizio.sty
Package: uninafrontespizio 2018/07/24 UniNA Frontespizio Package
 (/usr/share/texlive/texmf-dist/tex/latex/setspace/setspace.sty
Package: setspace 2022/12/04 v6.7b set line spacing
) (/usr/share/texlive/texmf-dist/tex/latex/pgf/frontendlayer/tikz.sty (/usr/share/texlive/texmf-dist/tex/latex/pgf/basiclayer/pgf.sty (/usr/share/texlive/texmf-dist/tex/latex/pgf/utilities/pgfrcs.sty (/usr/share/texlive/texmf-dist/tex/generic/pgf/utilities/pgfutil-common.tex
\pgfutil@everybye=\toks24
\pgfutil@tempdima=\dimen189
\pgfutil@tempdimb=\dimen190
) (/usr/share/texlive/texmf-dist/tex/generic/pgf/utilities/pgfutil-latex.def
\pgfutil@abb=\box57
) (/usr/share/texlive/texmf-dist/tex/generic/pgf/utilities/pgfrcs.code.tex (/usr/share/texlive/texmf-dist/tex/generic/pgf/pgf.revision.tex)
Package: pgfrcs 2025-08-29 v3.1.11a (3.1.11a)
))
Package: pgf 2025-08-29 v3.1.11a (3.1.11a)
 (/usr/share/texlive/texmf-dist/tex/latex/pgf/basiclayer/pgfcore.sty (/usr/share/texlive/texmf-dist/tex/latex/graphics/graphicx.sty
Package: graphicx 2024/12/31 v1.2e Enhanced LaTeX Graphics (DPC,SPQR)
 (/usr/share/texlive/texmf-dist/tex/latex/graphics/graphics.sty
Package: graphics 2024/08/06 v1.4g Standard LaTeX Graphics (DPC,SPQR)
 (/usr/share/texlive/texmf-dist/tex/latex/graphics/trig.sty
Package: trig 2023/12/02 v1.11 sin cos tan (DPC)
) (/usr/share/texlive/texmf-dist/tex/latex/graphics-cfg/graphics.cfg
File: graphics.cfg 2016/06/04 v1.11 sample graphics configuration
)
Package graphics Info: Driver file: pdftex.def on input line 106.
)
\Gin@req@height=\dimen191
\Gin@req@width=\dimen192
) (/usr/share/texlive/texmf-dist/tex/latex/pgf/systemlayer/pgfsys.sty (/usr/share/texlive/texmf-dist/tex/generic/pgf/systemlayer/pgfsys.code.tex
Package: pgfsys 2025-08-29 v3.1.11a (3.1.11a)
 (/usr/share/texlive/texmf-dist/tex/generic/pgf/utilities/pgfkeys.code.tex
\pgfkeys@pathtoks=\toks25
\pgfkeys@temptoks=\toks26
 (/usr/share/texlive/texmf-dist/tex/generic/pgf/utilities/pgfkeyslibraryfiltered.code.tex
\pgfkeys@tmptoks=\toks27
))
\pgf@x=\dimen193
\pgf@y=\dimen194
\pgf@xa=\dimen195
\pgf@ya=\dimen196
\pgf@xb=\dimen197
\pgf@yb=\dimen198
\pgf@xc=\dimen199
\pgf@yc=\dimen256
\pgf@xd=\dimen257
\pgf@yd=\dimen258
\w@pgf@writea=\write3
\r@pgf@reada=\read2
\c@pgf@counta=\count336
\c@pgf@countb=\count337
\c@pgf@countc=\count338
\c@pgf@countd=\count339
\t@pgf@toka=\toks28
\t@pgf@tokb=\toks29
\t@pgf@tokc=\toks30
\pgf@sys@id@count=\count340
 (/usr/share/texlive/texmf-dist/tex/generic/pgf/systemlayer/pgf.cfg
File: pgf.cfg 2025-08-29 v3.1.11a (3.1.11a)
)
Driver file for pgf: pgfsys-pdftex.def
 (/usr/share/texlive/texmf-dist/tex/generic/pgf/systemlayer/pgfsys-pdftex.def
File: pgfsys-pdftex.def 2025-08-29 v3.1.11a (3.1.11a)
 (/usr/share/texlive/texmf-dist/tex/generic/pgf/systemlayer/pgfsys-common-pdf.def
File: pgfsys-common-pdf.def 2025-08-29 v3.1.11a (3.1.11a)
))) (/usr/share/texlive/texmf-dist/tex/generic/pgf/systemlayer/pgfsyssoftpath.code.tex
File: pgfsyssoftpath.code.tex 2025-08-29 v3.1.11a (3.1.11a)
\pgfsyssoftpath@smallbuffer@items=\count341
\pgfsyssoftpath@bigbuffer@items=\count342
) (/usr/share/texlive/texmf-dist/tex/generic/pgf/systemlayer/pgfsysprotocol.code.tex
File: pgfsysprotocol.code.tex 2025-08-29 v3.1.11a (3.1.11a)
)) (/usr/share/texlive/texmf-dist/tex/generic/pgf/basiclayer/pgfcore.code.tex
Package: pgfcore 2025-08-29 v3.1.11a (3.1.11a)
 (/usr/share/texlive/texmf-dist/tex/generic/pgf/math/pgfmath.code.tex (/usr/share/texlive/texmf-dist/tex/generic/pgf/math/pgfmathutil.code.tex) (/usr/share/texlive/texmf-dist/tex/generic/pgf/math/pgfmathparser.code.tex
\pgfmath@dimen=\dimen259
\pgfmath@count=\count343
\pgfmath@box=\box58
\pgfmath@toks=\toks31
\pgfmath@stack@operand=\toks32
\pgfmath@stack@operation=\toks33
) (/usr/share/texlive/texmf-dist/tex/generic/pgf/math/pgfmathfunctions.code.tex) (/usr/share/texlive/texmf-dist/tex/generic/pgf/math/pgfmathfunctions.basic.code.tex) (/usr/share/texlive/texmf-dist/tex/generic/pgf/math/pgfmathfunctions.trigonometric.code.tex) (/usr/share/texlive/texmf-dist/tex/generic/pgf/math/pgfmathfunctions.random.code.tex) (/usr/share/texlive/texmf-dist/tex/generic/pgf/math/pgfmathfunctions.comparison.code.tex) (/usr/share/texlive/texmf-dist/tex/generic/pgf/math/pgfmathfunctions.base.code.tex) (/usr/share/texlive/texmf-dist/tex/generic/pgf/math/pgfmathfunctions.round.code.tex) (/usr/share/texlive/texmf-dist/tex/generic/pgf/math/pgfmathfunctions.misc.code.tex) (/usr/share/texlive/texmf-dist/tex/generic/pgf/math/pgfmathfunctions.integerarithmetics.code.tex) (/usr/share/texlive/texmf-dist/tex/generic/pgf/math/pgfmathcalc.code.tex) (/usr/share/texlive/texmf-dist/tex/generic/pgf/math/pgfmathfloat.code.tex
\c@pgfmathroundto@lastzeros=\count344
)) (/usr/share/texlive/texmf-dist/tex/generic/pgf/math/pgfint.code.tex) (/usr/share/texlive/texmf-dist/tex/generic/pgf/basiclayer/pgfcorepoints.code.tex
File: pgfcorepoints.code.tex 2025-08-29 v3.1.11a (3.1.11a)
\pgf@picminx=\dimen260
\pgf@picmaxx=\dimen261
\pgf@picminy=\dimen262
\pgf@picmaxy=\dimen263
\pgf@pathminx=\dimen264
\pgf@pathmaxx=\dimen265
\pgf@pathminy=\dimen266
\pgf@pathmaxy=\dimen267
\pgf@xx=\dimen268
\pgf@xy=\dimen269
\pgf@yx=\dimen270
\pgf@yy=\dimen271
\pgf@zx=\dimen272
\pgf@zy=\dimen273
) (/usr/share/texlive/texmf-dist/tex/generic/pgf/basiclayer/pgfcorepathconstruct.code.tex
File: pgfcorepathconstruct.code.tex 2025-08-29 v3.1.11a (3.1.11a)
\pgf@path@lastx=\dimen274
\pgf@path@lasty=\dimen275
) (/usr/share/texlive/texmf-dist/tex/generic/pgf/basiclayer/pgfcorepathusage.code.tex
File: pgfcorepathusage.code.tex 2025-08-29 v3.1.11a (3.1.11a)
\pgf@shorten@end@additional=\dimen276
\pgf@shorten@start@additional=\dimen277
) (/usr/share/texlive/texmf-dist/tex/generic/pgf/basiclayer/pgfcorescopes.code.tex
File: pgfcorescopes.code.tex 2025-08-29 v3.1.11a (3.1.11a)
\pgfpic=\box59
\pgf@hbox=\box60
\pgf@layerbox@main=\box61
\pgf@picture@serial@count=\count345
) (/usr/share/texlive/texmf-dist/tex/generic/pgf/basiclayer/pgfcoregraphicstate.code.tex
File: pgfcoregraphicstate.code.tex 2025-08-29 v3.1.11a (3.1.11a)
\pgflinewidth=\dimen278
) (/usr/share/texlive/texmf-dist/tex/generic/pgf/basiclayer/pgfcoretransformations.code.tex
File: pgfcoretransformations.code.tex 2025-08-29 v3.1.11a (3.1.11a)
\pgf@pt@x=\dimen279
\pgf@pt@y=\dimen280
\pgf@pt@temp=\dimen281
) (/usr/share/texlive/texmf-dist/tex/generic/pgf/basiclayer/pgfcorequick.code.tex
File: pgfcorequick.code.tex 2025-08-29 v3.1.11a (3.1.11a)
) (/usr/share/texlive/texmf-dist/tex/generic/pgf/basiclayer/pgfcoreobjects.code.tex
File: pgfcoreobjects.code.tex 2025-08-29 v3.1.11a (3.1.11a)
) (/usr/share/texlive/texmf-dist/tex/generic/pgf/basiclayer/pgfcorepathprocessing.code.tex
File: pgfcorepathprocessing.code.tex 2025-08-29 v3.1.11a (3.1.11a)
) (/usr/share/texlive/texmf-dist/tex/generic/pgf/basiclayer/pgfcorearrows.code.tex
File: pgfcorearrows.code.tex 2025-08-29 v3.1.11a (3.1.11a)
\pgfarrowsep=\dimen282
) (/usr/share/texlive/texmf-dist/tex/generic/pgf/basiclayer/pgfcoreshade.code.tex
File: pgfcoreshade.code.tex 2025-08-29 v3.1.11a (3.1.11a)
\pgf@max=\dimen283
\pgf@sys@shading@range@num=\count346
\pgf@shadingcount=\count347
) (/usr/share/texlive/texmf-dist/tex/generic/pgf/basiclayer/pgfcoreimage.code.tex
File: pgfcoreimage.code.tex 2025-08-29 v3.1.11a (3.1.11a)
) (/usr/share/texlive/texmf-dist/tex/generic/pgf/basiclayer/pgfcoreexternal.code.tex
File: pgfcoreexternal.code.tex 2025-08-29 v3.1.11a (3.1.11a)
\pgfexternal@startupbox=\box62
) (/usr/share/texlive/texmf-dist/tex/generic/pgf/basiclayer/pgfcorelayers.code.tex
File: pgfcorelayers.code.tex 2025-08-29 v3.1.11a (3.1.11a)
) (/usr/share/texlive/texmf-dist/tex/generic/pgf/basiclayer/pgfcoretransparency.code.tex
File: pgfcoretransparency.code.tex 2025-08-29 v3.1.11a (3.1.11a)
) (/usr/share/texlive/texmf-dist/tex/generic/pgf/basiclayer/pgfcorepatterns.code.tex
File: pgfcorepatterns.code.tex 2025-08-29 v3.1.11a (3.1.11a)
) (/usr/share/texlive/texmf-dist/tex/generic/pgf/basiclayer/pgfcorerdf.code.tex
File: pgfcorerdf.code.tex 2025-08-29 v3.1.11a (3.1.11a)
))) (/usr/share/texlive/texmf-dist/tex/generic/pgf/modules/pgfmoduleshapes.code.tex
File: pgfmoduleshapes.code.tex 2025-08-29 v3.1.11a (3.1.11a)
\pgfnodeparttextbox=\box63
) (/usr/share/texlive/texmf-dist/tex/generic/pgf/modules/pgfmoduleplot.code.tex
File: pgfmoduleplot.code.tex 2025-08-29 v3.1.11a (3.1.11a)
) (/usr/share/texlive/texmf-dist/tex/latex/pgf/compatibility/pgfcomp-version-0-65.sty
Package: pgfcomp-version-0-65 2025-08-29 v3.1.11a (3.1.11a)
\pgf@nodesepstart=\dimen284
\pgf@nodesepend=\dimen285
) (/usr/share/texlive/texmf-dist/tex/latex/pgf/compatibility/pgfcomp-version-1-18.sty
Package: pgfcomp-version-1-18 2025-08-29 v3.1.11a (3.1.11a)
)) (/usr/share/texlive/texmf-dist/tex/latex/pgf/utilities/pgffor.sty (/usr/share/texlive/texmf-dist/tex/latex/pgf/utilities/pgfkeys.sty (/usr/share/texlive/texmf-dist/tex/generic/pgf/utilities/pgfkeys.code.tex)) (/usr/share/texlive/texmf-dist/tex/latex/pgf/math/pgfmath.sty (/usr/share/texlive/texmf-dist/tex/generic/pgf/math/pgfmath.code.tex)) (/usr/share/texlive/texmf-dist/tex/generic/pgf/utilities/pgffor.code.tex
Package: pgffor 2025-08-29 v3.1.11a (3.1.11a)
\pgffor@iter=\dimen286
\pgffor@skip=\dimen287
\pgffor@stack=\toks34
\pgffor@toks=\toks35
)) (/usr/share/texlive/texmf-dist/tex/generic/pgf/frontendlayer/tikz/tikz.code.tex
Package: tikz 2025-08-29 v3.1.11a (3.1.11a)
 (/usr/share/texlive/texmf-dist/tex/generic/pgf/libraries/pgflibraryplothandlers.code.tex
File: pgflibraryplothandlers.code.tex 2025-08-29 v3.1.11a (3.1.11a)
\pgf@plot@mark@count=\count348
\pgfplotmarksize=\dimen288
)
\tikz@lastx=\dimen289
\tikz@lasty=\dimen290
\tikz@lastxsaved=\dimen291
\tikz@lastysaved=\dimen292
\tikz@lastmovetox=\dimen293
\tikz@lastmovetoy=\dimen294
\tikzleveldistance=\dimen295
\tikzsiblingdistance=\dimen296
\tikz@figbox=\box64
\tikz@figbox@bg=\box65
\tikz@tempbox=\box66
\tikz@tempbox@bg=\box67
\tikztreelevel=\count349
\tikznumberofchildren=\count350
\tikznumberofcurrentchild=\count351
\tikz@fig@count=\count352
 (/usr/share/texlive/texmf-dist/tex/generic/pgf/modules/pgfmodulematrix.code.tex
File: pgfmodulematrix.code.tex 2025-08-29 v3.1.11a (3.1.11a)
\pgfmatrixcurrentrow=\count353
\pgfmatrixcurrentcolumn=\count354
\pgf@matrix@numberofcolumns=\count355
)
\tikz@expandcount=\count356
 (/usr/share/texlive/texmf-dist/tex/generic/pgf/frontendlayer/tikz/libraries/tikzlibrarytopaths.code.tex
File: tikzlibrarytopaths.code.tex 2025-08-29 v3.1.11a (3.1.11a)
))) (/usr/share/texlive/texmf-dist/tex/generic/pgf/frontendlayer/tikz/libraries/tikzlibrarybackgrounds.code.tex
File: tikzlibrarybackgrounds.code.tex 2025-08-29 v3.1.11a (3.1.11a)
\pgf@layerbox@background=\box68
\pgf@layerboxsaved@background=\box69
))
\c@@numberOfTypefacesLoaded=\count357
Package hyperref Info: Option `colorlinks' set `true' on input line 121.
 (/usr/share/texmf/tex/latex/lm/lmodern.sty
Package: lmodern 2015/05/01 v1.6.1 Latin Modern Fonts
LaTeX Font Info:    Overwriting symbol font `operators' in version `normal'
(Font)                  OT1/cmr/m/n --> OT1/lmr/m/n on input line 22.
LaTeX Font Info:    Overwriting symbol font `letters' in version `normal'
(Font)                  OML/cmm/m/it --> OML/lmm/m/it on input line 23.
LaTeX Font Info:    Overwriting symbol font `symbols' in version `normal'
(Font)                  OMS/cmsy/m/n --> OMS/lmsy/m/n on input line 24.
LaTeX Font Info:    Overwriting symbol font `largesymbols' in version `normal'
(Font)                  OMX/cmex/m/n --> OMX/lmex/m/n on input line 25.
LaTeX Font Info:    Overwriting symbol font `operators' in version `bold'
(Font)                  OT1/cmr/bx/n --> OT1/lmr/bx/n on input line 26.
LaTeX Font Info:    Overwriting symbol font `letters' in version `bold'
(Font)                  OML/cmm/b/it --> OML/lmm/b/it on input line 27.
LaTeX Font Info:    Overwriting symbol font `symbols' in version `bold'
(Font)                  OMS/cmsy/b/n --> OMS/lmsy/b/n on input line 28.
LaTeX Font Info:    Overwriting symbol font `largesymbols' in version `bold'
(Font)                  OMX/cmex/m/n --> OMX/lmex/m/n on input line 29.
LaTeX Font Info:    Overwriting math alphabet `\mathbf' in version `normal'
(Font)                  OT1/cmr/bx/n --> OT1/lmr/bx/n on input line 31.
LaTeX Font Info:    Overwriting math alphabet `\mathsf' in version `normal'
(Font)                  OT1/cmss/m/n --> OT1/lmss/m/n on input line 32.
LaTeX Font Info:    Overwriting math alphabet `\mathit' in version `normal'
(Font)                  OT1/cmr/m/it --> OT1/lmr/m/it on input line 33.
LaTeX Font Info:    Overwriting math alphabet `\mathtt' in version `normal'
(Font)                  OT1/cmtt/m/n --> OT1/lmtt/m/n on input line 34.
LaTeX Font Info:    Overwriting math alphabet `\mathbf' in version `bold'
(Font)                  OT1/cmr/bx/n --> OT1/lmr/bx/n on input line 35.
LaTeX Font Info:    Overwriting math alphabet `\mathsf' in version `bold'
(Font)                  OT1/cmss/bx/n --> OT1/lmss/bx/n on input line 36.
LaTeX Font Info:    Overwriting math alphabet `\mathit' in version `bold'
(Font)                  OT1/cmr/bx/it --> OT1/lmr/bx/it on input line 37.
LaTeX Font Info:    Overwriting math alphabet `\mathtt' in version `bold'
(Font)                  OT1/cmtt/m/n --> OT1/lmtt/m/n on input line 38.
) (/usr/share/texlive/texmf-dist/tex/latex/libertine/libertine.sty
Package: libertine 2024/04/23 (Bob Tennent) Supports Libertine and Biolinum fonts for all LaTeX engines.
 (/usr/share/texlive/texmf-dist/tex/generic/iftex/ifxetex.sty
Package: ifxetex 2019/10/25 v0.7 ifxetex legacy package. Use iftex instead.
) (/usr/share/texlive/texmf-dist/tex/generic/iftex/ifluatex.sty
Package: ifluatex 2019/10/25 v1.5 ifluatex legacy package. Use iftex instead.
) (/usr/share/texlive/texmf-dist/tex/latex/xkeyval/xkeyval.sty
Package: xkeyval 2025/11/04 v2.10 package option processing (HA)
 (/usr/share/texlive/texmf-dist/tex/generic/xkeyval/xkeyval.tex (/usr/share/texlive/texmf-dist/tex/generic/xkeyval/xkvutils.tex
\XKV@toks=\toks36
\XKV@tempa@toks=\toks37
\XKV@tempb@toks=\toks38
)
\XKV@depth=\count358
File: xkeyval.tex 2014/12/03 v2.7a key=value parser (HA)
)) (/usr/share/texlive/texmf-dist/tex/latex/base/textcomp.sty
Package: textcomp 2024/04/24 v2.1b Standard LaTeX package
) (/usr/share/texlive/texmf-dist/tex/latex/base/fontenc.sty
Package: fontenc 2025/07/18 v2.1d Standard LaTeX package
LaTeX Font Info:    Trying to load font information for T1+lmr on input line 116.
 (/usr/share/texmf/tex/latex/lm/t1lmr.fd
File: t1lmr.fd 2015/05/01 v1.6.1 Font defs for Latin Modern
)) (/usr/share/texlive/texmf-dist/tex/latex/fontaxes/fontaxes.sty
Package: fontaxes 2026-01-02 v2.0.2 Font selection axes (deprecated)
Applying: [2024-11-01] Use figureversions if present on input line 74.
 (/usr/share/texlive/texmf-dist/tex/latex/figureversions/figureversions.sty
Package: figureversions 2025-04-29 v1.0.1 Figure versions
)
Already applied: [0000-00-00] Fall back to v1 on input line 76.
)
LaTeX Info: Redefining \oldstylenums on input line 485.
 (/usr/share/texlive/texmf-dist/tex/latex/libertine/LinLibertine_I.tex)) (/usr/share/texlive/texmf-dist/tex/latex/newtx/newtxmath.sty
Package: newtxmath 2024/09/22 v1.754
 `newtxmath' v1.754, 2024/09/22 Math macros based originally on txfonts (msharpe) (/usr/share/texlive/texmf-dist/tex/latex/amsmath/amsmath.sty
Package: amsmath 2025/07/09 v2.17z AMS math features
\@mathmargin=\skip61

For additional information on amsmath, use the `?' option.
(/usr/share/texlive/texmf-dist/tex/latex/amsmath/amstext.sty
Package: amstext 2024/11/17 v2.01 AMS text
 (/usr/share/texlive/texmf-dist/tex/latex/amsmath/amsgen.sty
File: amsgen.sty 1999/11/30 v2.0 generic functions
\@emptytoks=\toks39
\ex@=\dimen297
)) (/usr/share/texlive/texmf-dist/tex/latex/amsmath/amsbsy.sty
Package: amsbsy 1999/11/29 v1.2d Bold Symbols
\pmbraise@=\dimen298
) (/usr/share/texlive/texmf-dist/tex/latex/amsmath/amsopn.sty
Package: amsopn 2022/04/08 v2.04 operator names
)
\inf@bad=\count359
LaTeX Info: Redefining \frac on input line 233.
\uproot@=\count360
\leftroot@=\count361
LaTeX Info: Redefining \overline on input line 398.
LaTeX Info: Redefining \colon on input line 409.
\classnum@=\count362
\DOTSCASE@=\count363
LaTeX Info: Redefining \ldots on input line 495.
LaTeX Info: Redefining \dots on input line 498.
LaTeX Info: Redefining \cdots on input line 619.
\Mathstrutbox@=\box70
\strutbox@=\box71
LaTeX Info: Redefining \big on input line 721.
LaTeX Info: Redefining \Big on input line 722.
LaTeX Info: Redefining \bigg on input line 723.
LaTeX Info: Redefining \Bigg on input line 724.
\big@size=\dimen299
LaTeX Font Info:    Redeclaring font encoding OML on input line 742.
LaTeX Font Info:    Redeclaring font encoding OMS on input line 743.
\macc@depth=\count364
LaTeX Info: Redefining \bmod on input line 904.
LaTeX Info: Redefining \pmod on input line 909.
LaTeX Info: Redefining \smash on input line 939.
LaTeX Info: Redefining \relbar on input line 969.
LaTeX Info: Redefining \Relbar on input line 970.
\c@MaxMatrixCols=\count365
\dotsspace@=\muskip18
\c@parentequation=\count366
\dspbrk@lvl=\count367
\tag@help=\toks40
\row@=\count368
\column@=\count369
\maxfields@=\count370
\andhelp@=\toks41
\eqnshift@=\dimen300
\alignsep@=\dimen301
\tagshift@=\dimen302
\tagwidth@=\dimen303
\totwidth@=\dimen304
\lineht@=\dimen305
\@envbody=\toks42
\multlinegap=\skip62
\multlinetaggap=\skip63
\mathdisplay@stack=\toks43
LaTeX Info: Redefining \[ on input line 2950.
LaTeX Info: Redefining \] on input line 2951.
)
\@LN@amsmath@ams@eqpen=\count371
 (/usr/share/texlive/texmf-dist/tex/latex/base/ifthen.sty
Package: ifthen 2024/03/16 v1.1e Standard LaTeX ifthen package (DPC)
) (/usr/share/texlive/texmf-dist/tex/latex/oberdiek/centernot.sty
Package: centernot 2016/05/16 v1.4 Centers the not symbol horizontally (HO)
)
\tx@cntz=\count372
 (/usr/share/texlive/texmf-dist/tex/generic/kastrup/binhex.tex)
\tx@Isdigit=\count373
\tx@IsAlNum=\count374
\tx@tA=\toks44
\tx@tB=\toks45
\tx@su=\read3

amsthm NOT loaded
LaTeX Font Info:    Redeclaring symbol font `operators' on input line 402.
LaTeX Font Info:    Overwriting symbol font `operators' in version `normal'
(Font)                  OT1/lmr/m/n --> OT1/LinuxLibertineT-TLF/m/n on input line 402.
LaTeX Font Info:    Overwriting symbol font `operators' in version `bold'
(Font)                  OT1/lmr/bx/n --> OT1/LinuxLibertineT-TLF/m/n on input line 402.
LaTeX Font Info:    Overwriting symbol font `operators' in version `bold'
(Font)                  OT1/LinuxLibertineT-TLF/m/n --> OT1/LinuxLibertineT-TLF/sb/n on input line 403.
LaTeX Font Info:    Redeclaring math alphabet \mathsf on input line 410.
LaTeX Font Info:    Overwriting math alphabet `\mathsf' in version `normal'
(Font)                  OT1/lmss/m/n --> OT1/LinuxBiolinumT-TLF/m/n on input line 410.
LaTeX Font Info:    Overwriting math alphabet `\mathsf' in version `bold'
(Font)                  OT1/lmss/bx/n --> OT1/LinuxBiolinumT-TLF/m/n on input line 410.
LaTeX Font Info:    Overwriting math alphabet `\mathsf' in version `bold'
(Font)                  OT1/LinuxBiolinumT-TLF/m/n --> OT1/LinuxBiolinumT-TLF/b/n on input line 412.
LaTeX Font Info:    Redeclaring math alphabet \mathit on input line 419.
LaTeX Font Info:    Overwriting math alphabet `\mathit' in version `normal'
(Font)                  OT1/lmr/m/it --> OT1/LinuxLibertineT-TLF/m/it on input line 419.
LaTeX Font Info:    Overwriting math alphabet `\mathit' in version `bold'
(Font)                  OT1/lmr/bx/it --> OT1/LinuxLibertineT-TLF/m/it on input line 419.
LaTeX Font Info:    Redeclaring math alphabet \mathtt on input line 420.
LaTeX Font Info:    Overwriting math alphabet `\mathtt' in version `normal'
(Font)                  OT1/lmtt/m/n --> T1/lmtt/m/n on input line 420.
LaTeX Font Info:    Overwriting math alphabet `\mathtt' in version `bold'
(Font)                  OT1/lmtt/m/n --> T1/lmtt/m/n on input line 420.
LaTeX Font Info:    Redeclaring math alphabet \mathbf on input line 422.
LaTeX Font Info:    Overwriting math alphabet `\mathbf' in version `normal'
(Font)                  OT1/lmr/bx/n --> OT1/LinuxLibertineT-TLF/sb/n on input line 422.
LaTeX Font Info:    Overwriting math alphabet `\mathbf' in version `bold'
(Font)                  OT1/lmr/bx/n --> OT1/LinuxLibertineT-TLF/sb/n on input line 422.
LaTeX Font Info:    Overwriting math alphabet `\mathit' in version `bold'
(Font)                  OT1/LinuxLibertineT-TLF/m/it --> OT1/LinuxLibertineT-TLF/sb/it on input line 423.
LaTeX Font Info:    Overwriting math alphabet `\mathtt' in version `bold'
(Font)                  T1/lmtt/m/n --> T1/lmtt/b/n on input line 426.
LaTeX Font Info:    Redeclaring symbol font `letters' on input line 444.
LaTeX Font Info:    Overwriting symbol font `letters' in version `normal'
(Font)                  OML/lmm/m/it --> OML/nxlmi/m/it on input line 444.
LaTeX Font Info:    Overwriting symbol font `letters' in version `bold'
(Font)                  OML/lmm/b/it --> OML/nxlmi/m/it on input line 444.
LaTeX Font Info:    Overwriting symbol font `letters' in version `bold'
(Font)                  OML/nxlmi/m/it --> OML/nxlmi/b/it on input line 445.
\symlettersA=\mathgroup4
LaTeX Font Info:    Overwriting symbol font `lettersA' in version `bold'
(Font)                  U/ntxmia/m/it --> U/ntxmia/b/it on input line 582.
Now handling font encoding LMS ...
... no UTF-8 mapping file for font encoding LMS
LaTeX Font Info:    Redeclaring symbol font `symbols' on input line 604.
LaTeX Font Info:    Encoding `OMS' has changed to `LMS' for symbol font
(Font)              `symbols' in the math version `normal' on input line 604.
LaTeX Font Info:    Overwriting symbol font `symbols' in version `normal'
(Font)                  OMS/lmsy/m/n --> LMS/ntxsy/m/n on input line 604.
LaTeX Font Info:    Encoding `OMS' has changed to `LMS' for symbol font
(Font)              `symbols' in the math version `bold' on input line 604.
LaTeX Font Info:    Overwriting symbol font `symbols' in version `bold'
(Font)                  OMS/lmsy/b/n --> LMS/ntxsy/m/n on input line 604.
LaTeX Font Info:    Overwriting symbol font `symbols' in version `bold'
(Font)                  LMS/ntxsy/m/n --> LMS/ntxsy/b/n on input line 605.
\symAMSm=\mathgroup5
LaTeX Font Info:    Overwriting symbol font `AMSm' in version `bold'
(Font)                  U/ntxsym/m/n --> U/ntxsym/b/n on input line 630.
\symsymbolsC=\mathgroup6
LaTeX Font Info:    Overwriting symbol font `symbolsC' in version `bold'
(Font)                  U/ntxsyc/m/n --> U/ntxsyc/b/n on input line 651.
Now handling font encoding LMX ...
... no UTF-8 mapping file for font encoding LMX
LaTeX Font Info:    Redeclaring symbol font `largesymbols' on input line 664.
LaTeX Font Info:    Encoding `OMX' has changed to `LMX' for symbol font
(Font)              `largesymbols' in the math version `normal' on input line 664.
LaTeX Font Info:    Overwriting symbol font `largesymbols' in version `normal'
(Font)                  OMX/lmex/m/n --> LMX/ntxexx/m/n on input line 664.
LaTeX Font Info:    Encoding `OMX' has changed to `LMX' for symbol font
(Font)              `largesymbols' in the math version `bold' on input line 664.
LaTeX Font Info:    Overwriting symbol font `largesymbols' in version `bold'
(Font)                  OMX/lmex/m/n --> LMX/ntxexx/m/n on input line 664.
LaTeX Font Info:    Overwriting symbol font `largesymbols' in version `bold'
(Font)                  LMX/ntxexx/m/n --> LMX/ntxexx/b/n on input line 665.
\symlargesymbolsTXA=\mathgroup7
LaTeX Font Info:    Overwriting symbol font `largesymbolsTXA' in version `bold'
(Font)                  U/ntxexa/m/n --> U/ntxexa/b/n on input line 679.
\tx@sbptoks=\toks46
LaTeX Font Info:    Redeclaring math delimiter \lfloor on input line 902.
LaTeX Font Info:    Redeclaring math delimiter \rfloor on input line 903.
LaTeX Font Info:    Redeclaring math delimiter \lceil on input line 904.
LaTeX Font Info:    Redeclaring math delimiter \rceil on input line 905.
LaTeX Font Info:    Redeclaring math delimiter \lbrace on input line 910.
LaTeX Font Info:    Redeclaring math delimiter \rbrace on input line 911.
LaTeX Font Info:    Redeclaring math delimiter \langle on input line 913.
LaTeX Font Info:    Redeclaring math delimiter \rangle on input line 915.
LaTeX Font Info:    Redeclaring math delimiter \arrowvert on input line 919.
LaTeX Font Info:    Redeclaring math delimiter \vert on input line 920.
LaTeX Font Info:    Redeclaring math symbol \hbar on input line 966.
LaTeX Font Info:    Redeclaring math accent \dot on input line 991.
LaTeX Font Info:    Redeclaring math accent \ddot on input line 992.
LaTeX Font Info:    Redeclaring math accent \vec on input line 2057.
LaTeX Info: Redefining \Bbbk on input line 2847.
LaTeX Info: Redefining \not on input line 2995.
)
\c@ttlp@side=\count375
\ttlp@side=\count376
 (/usr/share/texlive/texmf-dist/tex/latex/algorithms/algorithm.sty
Package: algorithm 2009/08/24 v0.1 Document Style `algorithm' - floating environment
 (/usr/share/texlive/texmf-dist/tex/latex/float/float.sty
Package: float 2001/11/08 v1.3d Float enhancements (AL)
\c@float@type=\count377
\float@exts=\toks47
\float@box=\box72
\@float@everytoks=\toks48
\@floatcapt=\box73
)
\@float@every@algorithm=\toks49
\c@algorithm=\count378
) (/usr/share/texlive/texmf-dist/tex/latex/algorithmicx/algpseudocode.sty
Package: algpseudocode 
 (/usr/share/texlive/texmf-dist/tex/latex/algorithmicx/algorithmicx.sty
Package: algorithmicx 2005/04/27 v1.2 Algorithmicx

Document Style algorithmicx 1.2 - a greatly improved `algorithmic' style
\c@ALG@line=\count379
\c@ALG@rem=\count380
\c@ALG@nested=\count381
\ALG@tlm=\skip64
\ALG@thistlm=\skip65
\c@ALG@Lnr=\count382
\c@ALG@blocknr=\count383
\c@ALG@storecount=\count384
\c@ALG@tmpcounter=\count385
\ALG@tmplength=\skip66
)
Document Style - pseudocode environments for use with the `algorithmicx' style
) (/usr/share/texlive/texmf-dist/tex/latex/listings/listings.sty
\lst@mode=\count386
\lst@gtempboxa=\box74
\lst@token=\toks50
\lst@length=\count387
\lst@currlwidth=\dimen306
\lst@column=\count388
\lst@pos=\count389
\lst@lostspace=\dimen307
\lst@width=\dimen308
\lst@newlines=\count390
\lst@lineno=\count391
\lst@maxwidth=\dimen309
 (/usr/share/texlive/texmf-dist/tex/latex/listings/lstpatch.sty
File: lstpatch.sty 2025/11/14 1.11b (Carsten Heinz)
) (/usr/share/texlive/texmf-dist/tex/latex/listings/lstmisc.sty
File: lstmisc.sty 2025/11/14 1.11b (Carsten Heinz)
\c@lstnumber=\count392
\lst@skipnumbers=\count393
\lst@framebox=\box75
) (/usr/share/texlive/texmf-dist/tex/latex/listings/listings.cfg
File: listings.cfg 2025/11/14 1.11b listings configuration
))
Package: listings 2025/11/14 1.11b (Carsten Heinz)

==> First Aid for listings.sty no longer applied!
    Expected:
        2024/09/23 1.10c (Carsten Heinz)
    but found:
        2025/11/14 1.11b (Carsten Heinz)
    so I'm assuming it got fixed.
(/usr/share/texlive/texmf-dist/tex/latex/lstaddons/lstautogobble.sty
Package: lstautogobble 2012/05/03 v0.1 Implements 'autogobble' option for 'listings'
\lstag@spacecount=\count394
)
\listinglength=\skip67
 (/usr/share/texlive/texmf-dist/tex/latex/caption/caption.sty
Package: caption 2023/08/05 v3.6o Customizing captions (AR)
 (/usr/share/texlive/texmf-dist/tex/latex/caption/caption3.sty
Package: caption3 2023/07/31 v2.4d caption3 kernel (AR)
\caption@tempdima=\dimen310
\captionmargin=\dimen311
\caption@leftmargin=\dimen312
\caption@rightmargin=\dimen313
\caption@width=\dimen314
\caption@indent=\dimen315
\caption@parindent=\dimen316
\caption@hangindent=\dimen317
Package caption Info: Standard document class detected.
)
\c@caption@flags=\count395
\c@continuedfloat=\count396
Package caption Info: float package is loaded.
Package caption Info: hyperref package is loaded.
Package caption Info: listings package is loaded.
) (/usr/share/texlive/texmf-dist/tex/latex/printlen/printlen.sty
Package: printlen 2009/09/03 v1.1a print lengths with units
) (/usr/share/texlive/texmf-dist/tex/latex/changepage/changepage.sty
Package: changepage 2009/10/20 v1.0c check page and change page layout
\c@cp@cntr=\count397
\cp@tempcnt=\count398
) (/usr/share/texlive/texmf-dist/tex/latex/fullwidth/fullwidth.sty
Package: fullwidth 2011/11/18 v0.1: fullwidth
 (/usr/share/texlive/texmf-dist/tex/latex/zref/zref-abspage.sty
Package: zref-abspage 2025-06-08 v2.36 Module abspage for zref (HO)
 (/usr/share/texlive/texmf-dist/tex/latex/zref/zref-base.sty
Package: zref-base 2025-06-08 v2.36 Module base for zref (HO)
 (/usr/share/texlive/texmf-dist/tex/generic/etexcmds/etexcmds.sty
Package: etexcmds 2019/12/15 v1.7 Avoid name clashes with e-TeX commands (HO)
) (/usr/share/texlive/texmf-dist/tex/latex/auxhook/auxhook.sty
Package: auxhook 2019-12-17 v1.6 Hooks for auxiliary files (HO)
)
Package zref Info: New property list: main on input line 767.
Package zref Info: New property: default on input line 768.
Package zref Info: New property: page on input line 769.
)
\c@abspage=\count399
Package zref Info: New property: abspage on input line 67.
)
\fwd@width@length=\skip68
\fwd@skipabove@length=\skip69
\fwd@skipbelow@length=\skip70
\fwd@leftmargin@length=\skip71
\fwd@rightmargin@length=\skip72
\fwd@innertopmargin@length=\skip73
\fwd@innerbottommargin@length=\skip74
\fwd@splittopskip@length=\skip75
\fwd@splitbottomskip@length=\skip76
\fwd@outermargin@length=\skip77
\fwd@innermargin@length=\skip78
\fwd@footenotedistance@length=\skip79
\c@fwd@zref@counter=\count400
Package zref Info: New property: fwd@pagevalue on input line 209.
\fwd@freevspace@length=\skip80
) (/usr/share/texlive/texmf-dist/tex/latex/etoc/etoc.sty
Package: etoc 2023/10/29 v1.2d Completely customisable TOCs (JFB)
 (/usr/share/texlive/texmf-dist/tex/latex/tools/multicol.sty
Package: multicol 2025/10/21 v2.0b multicolumn formatting (FMi)
\c@tracingmulticols=\count401
\mult@box=\box76
\multicol@leftmargin=\dimen318
\c@unbalance=\count402
\c@collectmore=\count403
\doublecol@number=\count404
\multicoltolerance=\count405
\multicolpretolerance=\count406
\full@width=\dimen319
\page@free=\dimen320
\premulticols=\dimen321
\postmulticols=\dimen322
\multicolsep=\skip81
\multicolbaselineskip=\skip82
\partial@page=\box77
\last@line=\box78
\mc@boxedresult=\box79
\maxbalancingoverflow=\dimen323
\mult@rightbox=\box80
\mult@grightbox=\box81
\mult@firstbox=\box82
\mult@gfirstbox=\box83
\@tempa=\box84
\@tempa=\box85
\@tempa=\box86
\@tempa=\box87
\@tempa=\box88
\@tempa=\box89
\@tempa=\box90
\@tempa=\box91
\@tempa=\box92
\@tempa=\box93
\@tempa=\box94
\@tempa=\box95
\@tempa=\box96
\@tempa=\box97
\@tempa=\box98
\@tempa=\box99
\@tempa=\box100
\@tempa=\box101
\@tempa=\box102
\@tempa=\box103
\@tempa=\box104
\@tempa=\box105
\@tempa=\box106
\@tempa=\box107
\@tempa=\box108
\@tempa=\box109
\@tempa=\box110
\@tempa=\box111
\@tempa=\box112
\@tempa=\box113
\@tempa=\box114
\@tempa=\box115
\@tempa=\box116
\@tempa=\box117
\@tempa=\box118
\@tempa=\box119
\c@minrows=\count407
\c@columnbadness=\count408
\c@finalcolumnbadness=\count409
\last@try=\dimen324
\multicolovershoot=\dimen325
\multicolundershoot=\dimen326
\mult@nat@firstbox=\box120
\colbreak@box=\box121
\mc@col@check@num=\count410
\g__mc_curr_col_int=\count411
)
\Etoc@toctoks=\toks51
\c@etoc@tocid=\count412
\etoc@framed@titlebox=\box122
\etoc@framed@contentsbox=\box123
) (/usr/share/texlive/texmf-dist/tex/latex/todonotes/todonotes.sty
Package: todonotes 2024/01/05 v1.1.7 Todonotes source and documentation.
Package: todonotes 2024/01/05
 (/usr/share/texlive/texmf-dist/tex/generic/pgf/frontendlayer/tikz/libraries/tikzlibrarypositioning.code.tex
File: tikzlibrarypositioning.code.tex 2025-08-29 v3.1.11a (3.1.11a)
)
\c@@todonotes@numberoftodonotes=\count413
)) (/usr/share/texlive/texmf-dist/tex/generic/babel/babel.sty
Package: babel 2026/01/18 v26.1 The multilingual framework for LuaLaTeX, pdfLaTeX and XeLaTeX
\babel@savecnt=\count414
LaTeX Encoding Info:    Redeclaring text command \ij (encoding OT1) on input line 2078.
LaTeX Encoding Info:    Redeclaring text command \IJ (encoding OT1) on input line 2080.
LaTeX Encoding Info:    Redeclaring text command \ij (encoding T1) on input line 2082.
LaTeX Encoding Info:    Redeclaring text command \IJ (encoding T1) on input line 2083.
LaTeX Encoding Info:    Ignoring declaration for text command \ij (encoding ?) on input line 2084.
LaTeX Encoding Info:    Ignoring declaration for text command \IJ (encoding ?) on input line 2086.
LaTeX Encoding Info:    Ignoring declaration for text command \SS (encoding ?) on input line 2111.
\U@D=\dimen327
\l@unhyphenated=\language90
 (/usr/share/texlive/texmf-dist/tex/generic/babel/txtbabel.def)
\bbl@readstream=\read4
\bbl@dirlevel=\count415
 (/usr/share/texlive/texmf-dist/tex/generic/babel/locale/it/babel-italian.tex)
Package babel Info: Importing font and identification data for italian
(babel)             from babel-it.ini. Reported on input line 4330.
 (/usr/share/texlive/texmf-dist/tex/generic/babel-italian/italian.ldf
Language: italian 2026/01/13 v.1.5.02 Italian support for the babel system
\it@lettering=\count416
\it@doublequoteactive=\count417
\it@ISOcompliance=\count418
)) (/usr/share/texlive/texmf-dist/tex/latex/base/fontenc.sty
Package: fontenc 2025/07/18 v2.1d Standard LaTeX package
LaTeX Font Info:    Trying to load font information for T1+LinuxLibertineT-TLF on input line 116.
 (/usr/share/texlive/texmf-dist/tex/latex/libertine/T1LinuxLibertineT-TLF.fd
File: T1LinuxLibertineT-TLF.fd 2017/03/20 (autoinst) Font definitions for T1/LinuxLibertineT-TLF.
)
LaTeX Font Info:    Font shape `T1/LinuxLibertineT-TLF/m/n' will be
(Font)              scaled to size 12.0pt on input line 116.
) (/usr/share/texlive/texmf-dist/tex/latex/mathtools/mathtools.sty
Package: mathtools 2024/10/04 v1.31 mathematical typesetting tools
 (/usr/share/texlive/texmf-dist/tex/latex/mathtools/mhsetup.sty
Package: mhsetup 2021/03/18 v1.4 programming setup (MH)
)
\g_MT_multlinerow_int=\count419
\l_MT_multwidth_dim=\dimen328
\origjot=\skip83
\l_MT_shortvdotswithinadjustabove_dim=\dimen329
\l_MT_shortvdotswithinadjustbelow_dim=\dimen330
\l_MT_above_intertext_sep=\dimen331
\l_MT_below_intertext_sep=\dimen332
\l_MT_above_shortintertext_sep=\dimen333
\l_MT_below_shortintertext_sep=\dimen334
\xmathstrut@box=\box124
\xmathstrut@dim=\dimen335
) (/usr/share/texlive/texmf-dist/tex/latex/jknapltx/mathrsfs.sty
Package: mathrsfs 1996/01/01 Math RSFS package v1.0 (jk)
\symrsfs=\mathgroup8
) (/usr/share/texlive/texmf-dist/tex/latex/amscls/amsthm.sty
Package: amsthm 2020/05/29 v2.20.6
\thm@style=\toks52
\thm@bodyfont=\toks53
\thm@headfont=\toks54
\thm@notefont=\toks55
\thm@headpunct=\toks56
\thm@preskip=\skip84
\thm@postskip=\skip85
\thm@headsep=\skip86
\dth@everypar=\toks57
LaTeX Info: Redefining \textsquare on input line 427.
) (/usr/share/texlive/texmf-dist/tex/latex/stmaryrd/stmaryrd.sty
Package: stmaryrd 1994/03/03 St Mary's Road symbol package
\symstmry=\mathgroup9
LaTeX Font Info:    Overwriting symbol font `stmry' in version `bold'
(Font)                  U/stmry/m/n --> U/stmry/b/n on input line 89.
)
\c@theorem=\count420
 (/usr/share/texlive/texmf-dist/tex/latex/pgfplots/pgfplots.sty (/usr/share/texlive/texmf-dist/tex/generic/pgfplots/pgfplots.revision.tex)
Package: pgfplots 2025/08/14 v1.18.2 Data Visualization (1.18.2)
 (/usr/share/texlive/texmf-dist/tex/generic/pgfplots/pgfplots.code.tex (/usr/share/texlive/texmf-dist/tex/generic/pgfplots/pgfplotscore.code.tex
\t@pgfplots@toka=\toks58
\t@pgfplots@tokb=\toks59
\t@pgfplots@tokc=\toks60
\pgfplots@tmpa=\dimen336
\c@pgfplots@coordindex=\count421
\c@pgfplots@scanlineindex=\count422
 (/usr/share/texlive/texmf-dist/tex/generic/pgfplots/sys/pgfplotssysgeneric.code.tex)) (/usr/share/texlive/texmf-dist/tex/generic/pgfplots/libs/pgfplotslibrary.code.tex) (/usr/share/texlive/texmf-dist/tex/generic/pgfplots/oldpgfcompatib/pgfplotsoldpgfsupp_loader.code.tex (/usr/share/texlive/texmf-dist/tex/generic/pgf/libraries/pgflibraryfpu.code.tex) (/usr/share/texlive/texmf-dist/tex/generic/pgfplots/oldpgfcompatib/pgfplotsoldpgfsupp_pgfutil-common-lists.tex)) (/usr/share/texlive/texmf-dist/tex/generic/pgfplots/util/pgfplotsutil.code.tex (/usr/share/texlive/texmf-dist/tex/generic/pgfplots/liststructure/pgfplotsliststructure.code.tex) (/usr/share/texlive/texmf-dist/tex/generic/pgfplots/liststructure/pgfplotsliststructureext.code.tex) (/usr/share/texlive/texmf-dist/tex/generic/pgfplots/liststructure/pgfplotsarray.code.tex
\c@pgfplotsarray@tmp=\count423
) (/usr/share/texlive/texmf-dist/tex/generic/pgfplots/liststructure/pgfplotsmatrix.code.tex) (/usr/share/texlive/texmf-dist/tex/generic/pgfplots/numtable/pgfplotstableshared.code.tex
\c@pgfplotstable@counta=\count424
\t@pgfplotstable@a=\toks61
) (/usr/share/texlive/texmf-dist/tex/generic/pgfplots/liststructure/pgfplotsdeque.code.tex) (/usr/share/texlive/texmf-dist/tex/generic/pgfplots/util/pgfplotsbinary.code.tex (/usr/share/texlive/texmf-dist/tex/generic/pgfplots/util/pgfplotsbinary.data.code.tex)) (/usr/share/texlive/texmf-dist/tex/generic/pgfplots/util/pgfplotsutil.verb.code.tex) (/usr/share/texlive/texmf-dist/tex/generic/pgfplots/libs/pgflibrarypgfplots.surfshading.code.tex
\c@pgfplotslibrarysurf@no=\count425
 (/usr/share/texlive/texmf-dist/tex/generic/pgfplots/sys/pgflibrarypgfplots.surfshading.pgfsys-pdftex.def))) (/usr/share/texlive/texmf-dist/tex/generic/pgfplots/util/pgfplotscolormap.code.tex (/usr/share/texlive/texmf-dist/tex/generic/pgfplots/util/pgfplotscolor.code.tex)) (/usr/share/texlive/texmf-dist/tex/generic/pgfplots/pgfplotsstackedplots.code.tex) (/usr/share/texlive/texmf-dist/tex/generic/pgfplots/pgfplotsplothandlers.code.tex (/usr/share/texlive/texmf-dist/tex/generic/pgfplots/pgfplotsmeshplothandler.code.tex (/usr/share/texlive/texmf-dist/tex/generic/pgfplots/pgfplotsmeshplotimage.code.tex))) (/usr/share/texlive/texmf-dist/tex/generic/pgfplots/pgfplots.scaling.code.tex) (/usr/share/texlive/texmf-dist/tex/generic/pgfplots/pgfplotscoordprocessing.code.tex) (/usr/share/texlive/texmf-dist/tex/generic/pgfplots/pgfplots.errorbars.code.tex) (/usr/share/texlive/texmf-dist/tex/generic/pgfplots/pgfplots.markers.code.tex) (/usr/share/texlive/texmf-dist/tex/generic/pgfplots/pgfplotsticks.code.tex) (/usr/share/texlive/texmf-dist/tex/generic/pgfplots/pgfplots.paths.code.tex) (/usr/share/texlive/texmf-dist/tex/generic/pgf/frontendlayer/tikz/libraries/tikzlibrarydecorations.code.tex (/usr/share/texlive/texmf-dist/tex/generic/pgf/modules/pgfmoduledecorations.code.tex
\pgfdecoratedcompleteddistance=\dimen337
\pgfdecoratedremainingdistance=\dimen338
\pgfdecoratedinputsegmentcompleteddistance=\dimen339
\pgfdecoratedinputsegmentremainingdistance=\dimen340
\pgf@decorate@distancetomove=\dimen341
\pgf@decorate@repeatstate=\count426
\pgfdecorationsegmentamplitude=\dimen342
\pgfdecorationsegmentlength=\dimen343
)
\tikz@lib@dec@box=\box125
) (/usr/share/texlive/texmf-dist/tex/generic/pgf/frontendlayer/tikz/libraries/tikzlibrarydecorations.pathmorphing.code.tex (/usr/share/texlive/texmf-dist/tex/generic/pgf/libraries/decorations/pgflibrarydecorations.pathmorphing.code.tex)) (/usr/share/texlive/texmf-dist/tex/generic/pgf/frontendlayer/tikz/libraries/tikzlibrarydecorations.pathreplacing.code.tex (/usr/share/texlive/texmf-dist/tex/generic/pgf/libraries/decorations/pgflibrarydecorations.pathreplacing.code.tex)) (/usr/share/texlive/texmf-dist/tex/generic/pgfplots/libs/tikzlibrarypgfplots.contourlua.code.tex)
\pgfplots@numplots=\count427
\pgfplots@xmin@reg=\dimen344
\pgfplots@xmax@reg=\dimen345
\pgfplots@ymin@reg=\dimen346
\pgfplots@ymax@reg=\dimen347
\pgfplots@zmin@reg=\dimen348
\pgfplots@zmax@reg=\dimen349
) (/usr/share/texlive/texmf-dist/tex/generic/pgf/frontendlayer/tikz/libraries/tikzlibraryplotmarks.code.tex
File: tikzlibraryplotmarks.code.tex 2025-08-29 v3.1.11a (3.1.11a)
 (/usr/share/texlive/texmf-dist/tex/generic/pgf/libraries/pgflibraryplotmarks.code.tex
File: pgflibraryplotmarks.code.tex 2025-08-29 v3.1.11a (3.1.11a)
))) (/usr/share/texlive/texmf-dist/tex/generic/pgf/frontendlayer/tikz/libraries/tikzlibraryautomata.code.tex
File: tikzlibraryautomata.code.tex 2025-08-29 v3.1.11a (3.1.11a)
 (/usr/share/texlive/texmf-dist/tex/generic/pgf/frontendlayer/tikz/libraries/tikzlibraryshapes.multipart.code.tex
File: tikzlibraryshapes.multipart.code.tex 2025-08-29 v3.1.11a (3.1.11a)
 (/usr/share/texlive/texmf-dist/tex/generic/pgf/libraries/shapes/pgflibraryshapes.multipart.code.tex
File: pgflibraryshapes.multipart.code.tex 2025-08-29 v3.1.11a (3.1.11a)
\pgfnodepartlowerbox=\box126
\pgfnodeparttwobox=\box127
\pgfnodepartthreebox=\box128
\pgfnodepartfourbox=\box129
\pgfnodeparttwentybox=\box130
\pgfnodepartnineteenbox=\box131
\pgfnodeparteighteenbox=\box132
\pgfnodepartseventeenbox=\box133
\pgfnodepartsixteenbox=\box134
\pgfnodepartfifteenbox=\box135
\pgfnodepartfourteenbox=\box136
\pgfnodepartthirteenbox=\box137
\pgfnodeparttwelvebox=\box138
\pgfnodepartelevenbox=\box139
\pgfnodeparttenbox=\box140
\pgfnodepartninebox=\box141
\pgfnodeparteightbox=\box142
\pgfnodepartsevenbox=\box143
\pgfnodepartsixbox=\box144
\pgfnodepartfivebox=\box145
))) (/usr/share/texlive/texmf-dist/tex/generic/pgf/frontendlayer/tikz/libraries/tikzlibrarycalc.code.tex
File: tikzlibrarycalc.code.tex 2025-08-29 v3.1.11a (3.1.11a)
) (/usr/share/texlive/texmf-dist/tex/generic/pgf/frontendlayer/tikz/libraries/tikzlibraryfit.code.tex
File: tikzlibraryfit.code.tex 2025-08-29 v3.1.11a (3.1.11a)
) (/usr/share/texlive/texmf-dist/tex/generic/pgf/frontendlayer/tikz/libraries/tikzlibraryshapes.code.tex
File: tikzlibraryshapes.code.tex 2025-08-29 v3.1.11a (3.1.11a)
 (/usr/share/texlive/texmf-dist/tex/generic/pgf/frontendlayer/tikz/libraries/tikzlibraryshapes.geometric.code.tex
File: tikzlibraryshapes.geometric.code.tex 2025-08-29 v3.1.11a (3.1.11a)
 (/usr/share/texlive/texmf-dist/tex/generic/pgf/libraries/shapes/pgflibraryshapes.geometric.code.tex
File: pgflibraryshapes.geometric.code.tex 2025-08-29 v3.1.11a (3.1.11a)
)) (/usr/share/texlive/texmf-dist/tex/generic/pgf/frontendlayer/tikz/libraries/tikzlibraryshapes.misc.code.tex
File: tikzlibraryshapes.misc.code.tex 2025-08-29 v3.1.11a (3.1.11a)
 (/usr/share/texlive/texmf-dist/tex/generic/pgf/libraries/shapes/pgflibraryshapes.misc.code.tex
File: pgflibraryshapes.misc.code.tex 2025-08-29 v3.1.11a (3.1.11a)
)) (/usr/share/texlive/texmf-dist/tex/generic/pgf/frontendlayer/tikz/libraries/tikzlibraryshapes.symbols.code.tex
File: tikzlibraryshapes.symbols.code.tex 2025-08-29 v3.1.11a (3.1.11a)
 (/usr/share/texlive/texmf-dist/tex/generic/pgf/libraries/shapes/pgflibraryshapes.symbols.code.tex
File: pgflibraryshapes.symbols.code.tex 2025-08-29 v3.1.11a (3.1.11a)
)) (/usr/share/texlive/texmf-dist/tex/generic/pgf/frontendlayer/tikz/libraries/tikzlibraryshapes.arrows.code.tex
File: tikzlibraryshapes.arrows.code.tex 2025-08-29 v3.1.11a (3.1.11a)
 (/usr/share/texlive/texmf-dist/tex/generic/pgf/libraries/shapes/pgflibraryshapes.arrows.code.tex
File: pgflibraryshapes.arrows.code.tex 2025-08-29 v3.1.11a (3.1.11a)
)) (/usr/share/texlive/texmf-dist/tex/generic/pgf/frontendlayer/tikz/libraries/tikzlibraryshapes.callouts.code.tex (/usr/share/texlive/texmf-dist/tex/generic/pgf/libraries/shapes/pgflibraryshapes.callouts.code.tex))) (/usr/share/texlive/texmf-dist/tex/generic/pgf/libraries/pgflibraryarrows.meta.code.tex
File: pgflibraryarrows.meta.code.tex 2025-08-29 v3.1.11a (3.1.11a)
\pgfarrowinset=\dimen350
\pgfarrowlength=\dimen351
\pgfarrowwidth=\dimen352
\pgfarrowlinewidth=\dimen353
) (/usr/share/texlive/texmf-dist/tex/latex/makecell/makecell.sty
Package: makecell 2009/08/03 V0.1e Managing of Tab Column Heads and Cells
 (/usr/share/texlive/texmf-dist/tex/latex/tools/array.sty
Package: array 2025/09/25 v2.6n Tabular extension package (FMi)
\col@sep=\dimen354
\ar@mcellbox=\box146
\extrarowheight=\dimen355
\NC@list=\toks62
\extratabsurround=\skip87
\backup@length=\skip88
\ar@cellbox=\box147
)
\rotheadsize=\dimen356
\c@nlinenum=\count428
\TeXr@lab=\toks63
) (/usr/share/texlive/texmf-dist/tex/latex/base/inputenc.sty
Package: inputenc 2024/02/08 v1.3d Input encoding file
\inpenc@prehook=\toks64
\inpenc@posthook=\toks65
) (/usr/share/texlive/texmf-dist/tex/latex/marvosym/marvosym.sty
Package: marvosym 2011/07/20 v2.2 Martin Vogel's Symbols font definitions
) (/usr/share/texlive/texmf-dist/tex/latex/caption/subcaption.sty
Package: subcaption 2023/07/28 v1.6b Sub-captions (AR)
Package caption Info: New subtype `subfigure' on input line 238.
\c@subfigure=\count429
Package caption Info: New subtype `subtable' on input line 238.
\c@subtable=\count430
) (/usr/share/texlive/texmf-dist/tex/latex/tools/longtable.sty
Package: longtable 2025-10-13 v4.24 Multi-page Table package (DPC)
\LTleft=\skip89
\LTright=\skip90
\LTpre=\skip91
\LTpost=\skip92
\LTchunksize=\count431
\LTcapwidth=\dimen357
\LT@head=\box148
\LT@firsthead=\box149
\LT@foot=\box150
\LT@lastfoot=\box151
\LT@gbox=\box152
\LT@cols=\count432
\LT@rows=\count433
\c@LT@tables=\count434
\c@LT@chunks=\count435
\LT@p@ftn=\toks66
) (/usr/share/texlive/texmf-dist/tex/latex/xurl/xurl.sty
Package: xurl 2022/01/09 v 0.10 modify URL breaks
) (/usr/share/texlive/texmf-dist/tex/latex/siunitx/siunitx.sty
Package: siunitx 2025-07-09 v3.4.14 A comprehensive (SI) units package
\l__siunitx_number_uncert_offset_int=\count436
\l__siunitx_number_exponent_fixed_int=\count437
\l__siunitx_number_min_decimal_int=\count438
\l__siunitx_number_min_integer_int=\count439
\l__siunitx_number_round_precision_int=\count440
\l__siunitx_number_lower_threshold_int=\count441
\l__siunitx_number_upper_threshold_int=\count442
\l__siunitx_number_group_first_int=\count443
\l__siunitx_number_group_size_int=\count444
\l__siunitx_number_group_minimum_int=\count445
\l__siunitx_angle_tmp_dim=\dimen358
\l__siunitx_angle_marker_box=\box153
\l__siunitx_angle_unit_box=\box154
\l__siunitx_compound_count_int=\count446
 (/usr/share/texlive/texmf-dist/tex/latex/translations/translations.sty
Package: translations 2022/02/05 v1.12 internationalization of LaTeX2e packages (CN)
)
\l__siunitx_table_tmp_box=\box155
\l__siunitx_table_tmp_dim=\dimen359
\l__siunitx_table_column_width_dim=\dimen360
\l__siunitx_table_integer_box=\box156
\l__siunitx_table_decimal_box=\box157
\l__siunitx_table_uncert_box=\box158
\l__siunitx_table_before_box=\box159
\l__siunitx_table_after_box=\box160
\l__siunitx_table_before_dim=\dimen361
\l__siunitx_table_carry_dim=\dimen362
\l__siunitx_unit_tmp_int=\count447
\l__siunitx_unit_position_int=\count448
\l__siunitx_unit_total_int=\count449
) (./_utils/macro.tex) (/usr/share/texlive/texmf-dist/tex/latex/csquotes/csquotes.sty
Package: csquotes 2024-04-04 v5.2o context-sensitive quotations (JAW)
\csq@reset=\count450
\csq@gtype=\count451
\csq@glevel=\count452
\csq@qlevel=\count453
\csq@maxlvl=\count454
\csq@tshold=\count455
\csq@ltx@everypar=\toks67
 (/usr/share/texlive/texmf-dist/tex/latex/csquotes/csquotes.def
File: csquotes.def 2024-04-04 v5.2o csquotes generic definitions (JAW)
)
Package csquotes Info: Trying to load configuration file 'csquotes.cfg'...
Package csquotes Info: ... configuration file loaded successfully.
 (/usr/share/texlive/texmf-dist/tex/latex/csquotes/csquotes.cfg
File: csquotes.cfg 
)) (/usr/share/texlive/texmf-dist/tex/latex/biblatex/biblatex.sty
Package: biblatex 2025/07/10 v3.21 programmable bibliographies (PK/MW)
 (/usr/share/texlive/texmf-dist/tex/latex/logreq/logreq.sty
Package: logreq 2010/08/04 v1.0 xml request logger
\lrq@indent=\count456
 (/usr/share/texlive/texmf-dist/tex/latex/logreq/logreq.def
File: logreq.def 2010/08/04 v1.0 logreq spec v1.0
))
\c@tabx@nest=\count457
\c@listtotal=\count458
\c@listcount=\count459
\c@liststart=\count460
\c@liststop=\count461
\c@citecount=\count462
\c@citetotal=\count463
\c@multicitecount=\count464
\c@multicitetotal=\count465
\c@instcount=\count466
\c@maxnames=\count467
\c@minnames=\count468
\c@maxitems=\count469
\c@minitems=\count470
\c@citecounter=\count471
\c@maxcitecounter=\count472
\c@savedcitecounter=\count473
\c@uniquelist=\count474
\c@uniquename=\count475
\c@refsection=\count476
\c@refsegment=\count477
\c@maxextratitle=\count478
\c@maxextratitleyear=\count479
\c@maxextraname=\count480
\c@maxextradate=\count481
\c@maxextraalpha=\count482
\c@abbrvpenalty=\count483
\c@highnamepenalty=\count484
\c@lownamepenalty=\count485
\c@maxparens=\count486
\c@parenlevel=\count487
\blx@tempcnta=\count488
\blx@tempcntb=\count489
\blx@tempcntc=\count490
\c@blx@maxsection=\count491
\blx@maxsegment@0=\count492
\blx@notetype=\count493
\blx@parenlevel@text=\count494
\blx@parenlevel@foot=\count495
\blx@sectionciteorder@0=\count496
\blx@sectionciteorderinternal@0=\count497
\blx@entrysetcounter=\count498
\blx@biblioinstance=\count499
\labelnumberwidth=\skip93
\labelalphawidth=\skip94
\biblabelsep=\skip95
\bibitemsep=\skip96
\bibnamesep=\skip97
\bibinitsep=\skip98
\bibparsep=\skip99
\bibhang=\skip100
\blx@bcfin=\read5
\blx@bcfout=\write4
\blx@langwohyphens=\language91
\c@mincomprange=\count500
\c@maxcomprange=\count501
\c@mincompwidth=\count502
Package biblatex Info: Trying to load biblatex default data model...
Package biblatex Info: ... file 'blx-dm.def' found.
 (/usr/share/texlive/texmf-dist/tex/latex/biblatex/blx-dm.def
File: blx-dm.def 2025/07/10 v3.21 biblatex datamodel (PK/MW)
)
Package biblatex Info: Trying to load biblatex custom data model...
Package biblatex Info: ... file 'biblatex-dm.cfg' not found.
\c@afterword=\count503
\c@savedafterword=\count504
\c@annotator=\count505
\c@savedannotator=\count506
\c@author=\count507
\c@savedauthor=\count508
\c@bookauthor=\count509
\c@savedbookauthor=\count510
\c@commentator=\count511
\c@savedcommentator=\count512
\c@editor=\count513
\c@savededitor=\count514
\c@editora=\count515
\c@savededitora=\count516
\c@editorb=\count517
\c@savededitorb=\count518
\c@editorc=\count519
\c@savededitorc=\count520
\c@foreword=\count521
\c@savedforeword=\count522
\c@holder=\count523
\c@savedholder=\count524
\c@introduction=\count525
\c@savedintroduction=\count526
\c@namea=\count527
\c@savednamea=\count528
\c@nameb=\count529
\c@savednameb=\count530
\c@namec=\count531
\c@savednamec=\count532
\c@translator=\count533
\c@savedtranslator=\count534
\c@shortauthor=\count535
\c@savedshortauthor=\count536
\c@shorteditor=\count537
\c@savedshorteditor=\count538
\c@labelname=\count539
\c@savedlabelname=\count540
\c@institution=\count541
\c@savedinstitution=\count542
\c@lista=\count543
\c@savedlista=\count544
\c@listb=\count545
\c@savedlistb=\count546
\c@listc=\count547
\c@savedlistc=\count548
\c@listd=\count549
\c@savedlistd=\count550
\c@liste=\count551
\c@savedliste=\count552
\c@listf=\count553
\c@savedlistf=\count554
\c@location=\count555
\c@savedlocation=\count556
\c@organization=\count557
\c@savedorganization=\count558
\c@origlocation=\count559
\c@savedoriglocation=\count560
\c@origpublisher=\count561
\c@savedorigpublisher=\count562
\c@publisher=\count563
\c@savedpublisher=\count564
\c@language=\count565
\c@savedlanguage=\count566
\c@origlanguage=\count567
\c@savedoriglanguage=\count568
\c@pageref=\count569
\c@savedpageref=\count570
\shorthandwidth=\skip101
\shortjournalwidth=\skip102
\shortserieswidth=\skip103
\shorttitlewidth=\skip104
\shortauthorwidth=\skip105
\shorteditorwidth=\skip106
\locallabelnumberwidth=\skip107
\locallabelalphawidth=\skip108
\localshorthandwidth=\skip109
\localshortjournalwidth=\skip110
\localshortserieswidth=\skip111
\localshorttitlewidth=\skip112
\localshortauthorwidth=\skip113
\localshorteditorwidth=\skip114
Package biblatex Info: Trying to load compatibility code...
Package biblatex Info: ... file 'blx-compat.def' found.
 (/usr/share/texlive/texmf-dist/tex/latex/biblatex/blx-compat.def
File: blx-compat.def 2025/07/10 v3.21 biblatex compatibility (PK/MW)
)
Package biblatex Info: Trying to load generic definitions...
Package biblatex Info: ... file 'biblatex.def' found.
 (/usr/share/texlive/texmf-dist/tex/latex/biblatex/biblatex.def
File: biblatex.def 2025/07/10 v3.21 biblatex compatibility (PK/MW)
\c@textcitecount=\count571
\c@textcitetotal=\count572
\c@textcitemaxnames=\count573
\c@biburlbigbreakpenalty=\count574
\c@biburlbreakpenalty=\count575
\c@biburlnumpenalty=\count576
\c@biburlucpenalty=\count577
\c@biburllcpenalty=\count578
\biburlbigskip=\muskip19
\biburlnumskip=\muskip20
\biburlucskip=\muskip21
\biburllcskip=\muskip22
\c@smartand=\count579
)
Package biblatex Info: Trying to load bibliography style 'numeric'...
Package biblatex Info: ... file 'numeric.bbx' found.
 (/usr/share/texlive/texmf-dist/tex/latex/biblatex/bbx/numeric.bbx
File: numeric.bbx 2025/07/10 v3.21 biblatex bibliography style (PK/MW)
Package biblatex Info: Trying to load bibliography style 'standard'...
Package biblatex Info: ... file 'standard.bbx' found.
 (/usr/share/texlive/texmf-dist/tex/latex/biblatex/bbx/standard.bbx
File: standard.bbx 2025/07/10 v3.21 biblatex bibliography style (PK/MW)
\c@bbx:relatedcount=\count580
\c@bbx:relatedtotal=\count581
))
Package biblatex Info: Trying to load citation style 'numeric'...
Package biblatex Info: ... file 'numeric.cbx' found.
 (/usr/share/texlive/texmf-dist/tex/latex/biblatex/cbx/numeric.cbx
File: numeric.cbx 2025/07/10 v3.21 biblatex citation style (PK/MW)
Package biblatex Info: Redefining '\cite'.
Package biblatex Info: Redefining '\parencite'.
Package biblatex Info: Redefining '\footcite'.
Package biblatex Info: Redefining '\footcitetext'.
Package biblatex Info: Redefining '\smartcite'.
Package biblatex Info: Redefining '\supercite'.
Package biblatex Info: Redefining '\textcite'.
Package biblatex Info: Redefining '\textcites'.
Package biblatex Info: Redefining '\cites'.
Package biblatex Info: Redefining '\parencites'.
Package biblatex Info: Redefining '\smartcites'.
)
Package biblatex Info: Trying to load configuration file...
Package biblatex Info: ... file 'biblatex.cfg' found.
 (/usr/share/texlive/texmf-dist/tex/latex/biblatex/biblatex.cfg
File: biblatex.cfg 
)
Package biblatex Info: Input encoding 'utf8' detected.
Package biblatex Info: Document encoding is UTF8 ....
 (/usr/share/texlive/texmf-dist/tex/latex/l3kernel/expl3.sty
Package: expl3 2026-01-19 L3 programming layer (loader) 
 (/usr/share/texlive/texmf-dist/tex/latex/l3backend/l3backend-pdftex.def
File: l3backend-pdftex.def 2025-10-09 L3 backend support: PDF output (pdfTeX)
\l__color_backend_stack_int=\count582
))
Package biblatex Info: ... and expl3
(biblatex)             2026-01-19 L3 programming layer (loader) 
(biblatex)             is new enough (at least 2020/04/06),
(biblatex)             setting 'casechanger=expl3'.
 (/usr/share/texlive/texmf-dist/tex/latex/biblatex/blx-case-expl3.sty (/usr/share/texlive/texmf-dist/tex/latex/l3packages/xparse/xparse.sty
Package: xparse 2025-10-09 L3 Experimental document command parser
)
Package: blx-case-expl3 2025/07/10 v3.21 expl3 case changing code for biblatex
)) (/usr/share/texlive/texmf-dist/tex/latex/appendix/appendix.sty
Package: appendix 2020/02/08 v1.2c extra appendix facilities
\c@@pps=\count583
\c@@ppsavesec=\count584
\c@@ppsaveapp=\count585
)
Package csquotes Info: Checking for multilingual support...
Package csquotes Info: ... found 'babel' package.
Package csquotes Info: Adjusting default style.
Package csquotes Info: Redefining alias 'default' -> 'italian'.


LaTeX Warning: Unused global option(s):
    [a4paper].

(./thesis.aux)
\openout1 = `thesis.aux'.

LaTeX Font Info:    Checking defaults for OML/nxlmi/m/it on input line 119.
LaTeX Font Info:    Trying to load font information for OML+nxlmi on input line 119.
 (/usr/share/texlive/texmf-dist/tex/latex/newtx/omlnxlmi.fd
File: omlnxlmi.fd 2013/11/19 Fontinst v1.933 font definitions for OML/nxlmi.
)
LaTeX Font Info:    ... okay on input line 119.
LaTeX Font Info:    Checking defaults for OMS/cmsy/m/n on input line 119.
LaTeX Font Info:    ... okay on input line 119.
LaTeX Font Info:    Checking defaults for OT1/cmr/m/n on input line 119.
LaTeX Font Info:    ... okay on input line 119.
LaTeX Font Info:    Checking defaults for T1/cmr/m/n on input line 119.
LaTeX Font Info:    ... okay on input line 119.
LaTeX Font Info:    Checking defaults for TS1/cmr/m/n on input line 119.
LaTeX Font Info:    ... okay on input line 119.
LaTeX Font Info:    Checking defaults for OMX/cmex/m/n on input line 119.
LaTeX Font Info:    ... okay on input line 119.
LaTeX Font Info:    Checking defaults for U/ntxexa/m/n on input line 119.
LaTeX Font Info:    Trying to load font information for U+ntxexa on input line 119.
 (/usr/share/texlive/texmf-dist/tex/latex/newtx/untxexa.fd
File: untxexa.fd 2012/04/16 Fontinst v1.933 font definitions for U/ntxexa.
)
LaTeX Font Info:    ... okay on input line 119.
LaTeX Font Info:    Checking defaults for PD1/pdf/m/n on input line 119.
LaTeX Font Info:    ... okay on input line 119.
LaTeX Font Info:    Checking defaults for PU/pdf/m/n on input line 119.
LaTeX Font Info:    ... okay on input line 119.
LaTeX Font Info:    Checking defaults for LMS/ntxsy/m/n on input line 119.
LaTeX Font Info:    Trying to load font information for LMS+ntxsy on input line 119.
 (/usr/share/texlive/texmf-dist/tex/latex/newtx/lmsntxsy.fd
File: lmsntxsy.fd 2016/07/02 Fontinst v1.933 font definitions for LMS/ntxsy.
)
LaTeX Font Info:    ... okay on input line 119.
LaTeX Font Info:    Checking defaults for LMX/ntxexx/m/n on input line 119.
LaTeX Font Info:    Trying to load font information for LMX+ntxexx on input line 119.
 (/usr/share/texlive/texmf-dist/tex/latex/newtx/lmxntxexx.fd
File: lmxntxexx.fd 2016/07/03 Fontinst v1.933 font definitions for LMX/ntxexx.
)
LaTeX Font Info:    ... okay on input line 119.

*geometry* driver: auto-detecting
*geometry* detected driver: pdftex
*geometry* verbose mode - [ preamble ] result:
* driver: pdftex
* paper: a4paper
* layout: <same size as paper>
* layoutoffset:(h,v)=(0.0pt,0.0pt)
* bindingoffset: 14.22636pt
* modes: twoside 
* h-part:(L,W,R)=(85.35826pt, 412.56499pt, 85.35826pt)
* v-part:(T,H,B)=(85.35826pt, 674.33032pt, 85.35826pt)
* \paperwidth=597.50787pt
* \paperheight=845.04684pt
* \textwidth=412.56499pt
* \textheight=674.33032pt
* \oddsidemargin=27.31464pt
* \evensidemargin=13.08827pt
* \topmargin=-18.78552pt
* \headheight=12.0pt
* \headsep=19.8738pt
* \topskip=12.0pt
* \footskip=30.0pt
* \marginparwidth=56.9055pt
* \marginparsep=7.0pt
* \columnsep=10.0pt
* \skip\footins=10.8pt plus 4.0pt minus 2.0pt
* \hoffset=0.0pt
* \voffset=0.0pt
* \mag=1000
* \@twocolumnfalse
* \@twosidetrue
* \@mparswitchtrue
* \@reversemarginfalse
* (1in=72.27pt=25.4mm, 1cm=28.453pt)

LaTeX Info: Redefining \microtypecontext on input line 119.
Package microtype Info: Applying patch `item' on input line 119.
Package microtype Info: Applying patch `toc' on input line 119.
Package microtype Info: Applying patch `eqnum' on input line 119.

Package microtype Warning: Unable to apply patch `footnote' on input line 119.

Package microtype Info: Applying patch `verbatim' on input line 119.
LaTeX Info: Redefining \microtypesetup on input line 119.
Package microtype Info: Generating PDF output.
Package microtype Info: Character protrusion enabled (level 2).
Package microtype Info: Using default protrusion set `alltext'.
Package microtype Info: Automatic font expansion enabled (level 2),
(microtype)             stretch: 20, shrink: 20, step: 1, non-selected.
Package microtype Info: Using default expansion set `alltext-nott'.
Package microtype Info: Patching command `\showhyphens'.
Package microtype Info: No adjustment of tracking.
Package microtype Info: No adjustment of interword spacing.
Package microtype Info: No adjustment of character kerning.
Package microtype Info: Loading generic protrusion settings for font family
(microtype)             `LinuxLibertineT-TLF' (encoding: T1).
(microtype)             For optimal results, create family-specific settings.
(microtype)             See the microtype manual for details.
Package hyperref Info: Link coloring ON on input line 119.
(./thesis.out) (./thesis.out)
\@outlinefile=\write5
\openout5 = `thesis.out'.

 (/usr/share/texlive/texmf-dist/tex/context/base/mkii/supp-pdf.mkii
[Loading MPS to PDF converter (version 2006.09.02).]
\scratchcounter=\count586
\scratchdimen=\dimen363
\scratchbox=\box161
\nofMPsegments=\count587
\nofMParguments=\count588
\everyMPshowfont=\toks68
\MPscratchCnt=\count589
\MPscratchDim=\dimen364
\MPnumerator=\count590
\makeMPintoPDFobject=\count591
\everyMPtoPDFconversion=\toks69
) (/usr/share/texlive/texmf-dist/tex/latex/epstopdf-pkg/epstopdf-base.sty
Package: epstopdf-base 2020-01-24 v2.11 Base part for package epstopdf
 (/usr/share/texlive/texmf-dist/tex/latex/grfext/grfext.sty
Package: grfext 2019/12/03 v1.3 Manage graphics extensions (HO)
)
Package epstopdf-base Info: Redefining graphics rule for `.eps' on input line 485.
Package grfext Info: Graphics extension search list:
(grfext)             [.pdf,.png,.jpg,.mps,.jpeg,.jbig2,.jb2,.PDF,.PNG,.JPG,.JPEG,.JBIG2,.JB2,.eps]
(grfext)             \AppendGraphicsExtensions on input line 504.
 (/usr/share/texlive/texmf-dist/tex/latex/latexconfig/epstopdf-sys.cfg
File: epstopdf-sys.cfg 2010/07/13 v1.3 Configuration of (r)epstopdf for TeX Live
))
\leftexpandedoffset=\skip115
\rightexpandedoffset=\skip116
\expandedtextwidth=\skip117
\c@mv@tabular=\count592
\c@mv@boldtabular=\count593
LaTeX Info: Command `\dddot' is already robust on input line 119.
LaTeX Info: Command `\ddddot' is already robust on input line 119.
\c@lstlisting=\count594
Package caption Info: Begin \AtBeginDocument code.
Package caption Info: changepage package is loaded.
\caption@adjustwidth@hsize=\dimen365
\caption@adjustwidth@linewidth=\dimen366
Package caption Info: longtable package is loaded.
 (/usr/share/texlive/texmf-dist/tex/latex/caption/ltcaption.sty
Package: ltcaption 2021/01/08 v1.4c longtable captions (AR)
)
Package caption Info: End \AtBeginDocument code.
\Etoc@tf=\read6
LaTeX Info: Redefining \it@ocap on input line 119.
LaTeX Info: Redefining \it@ccap on input line 119.

Package pgfplots notification 'compat/show suggested version=true': you might benefit from \pgfplotsset{compat=1.18} (current compat level: 1.16).

Package translations Info: no dictionary file `translations-basic-dictionary-italian.trsl' found. on input line 119.
Package biblatex Info: Trying to load language 'italian'...
Package biblatex Info: ... file 'italian.lbx' found.
(/usr/share/texlive/texmf-dist/tex/latex/biblatex/lbx/italian.lbx
File: italian.lbx 2025/07/10 v3.21 biblatex localization (PK/MW)
)
Package biblatex Info: Input encoding 'utf8' detected.
Package biblatex Info: Automatic encoding selection.
(biblatex)             Assuming data encoding 'utf8'.
\openout4 = `thesis.bcf'.

Package biblatex Info: Trying to load bibliographic data...
Package biblatex Info: ... file 'thesis.bbl' found.
 (./thesis.bbl)
Package biblatex Info: Reference section=0 on input line 119.
Package biblatex Info: Reference segment=0 on input line 119.
LaTeX Font Info:    Font shape `T1/LinuxLibertineT-TLF/m/n' will be
(Font)              scaled to size 17.28pt on input line 123.
LaTeX Font Info:    Font shape `T1/LinuxLibertineT-TLF/m/sc' will be
(Font)              scaled to size 17.28pt on input line 123.
<logo-federico-II.pdf, id=364, 501.79471pt x 499.8675pt>
File: logo-federico-II.pdf Graphic file (type pdf)
<use logo-federico-II.pdf>
Package pdftex.def Info: logo-federico-II.pdf  used on input line 123.
(pdftex.def)             Requested size: 99.58464pt x 99.20135pt.
LaTeX Font Info:    Font shape `T1/LinuxLibertineT-TLF/m/n' will be
(Font)              scaled to size 14.4pt on input line 123.
LaTeX Font Info:    Font shape `T1/LinuxLibertineT-TLF/m/sc' will be
(Font)              scaled to size 14.4pt on input line 123.
LaTeX Font Info:    Font shape `T1/LinuxLibertineT-TLF/m/n' will be
(Font)              scaled to size 24.88pt on input line 123.
LaTeX Font Info:    Font shape `T1/LinuxLibertineT-TLF/m/sc' will be
(Font)              scaled to size 24.88pt on input line 123.
LaTeX Font Info:    Font shape `T1/LinuxLibertineT-TLF/b/n' will be
(Font)              scaled to size 14.4pt on input line 123.

Underfull \hbox (badness 10000) in paragraph at lines 123--123

 []

[1



{/var/lib/texmf/fonts/map/pdftex/updmap/pdftex.map}{/usr/share/texlive/texmf-dist/fonts/enc/dvips/libertine/lbtn_ncsllp.enc}{/usr/share/texlive/texmf-dist/fonts/enc/dvips/libertine/lbtn_nh77jq.enc}{/usr/share/texlive/texmf-dist/fonts/enc/dvips/libertine/lbtn_76gpa5.enc} <./logo-federico-II.pdf>] [2] (./_chapters/0-abstract.tex
LaTeX Font Info:    Font shape `T1/LinuxLibertineT-TLF/b/n' will be
(Font)              scaled to size 24.88pt on input line 4.
LaTeX Font Info:    Trying to load font information for T1+LinuxBiolinumT-TLF on input line 4.
 (/usr/share/texlive/texmf-dist/tex/latex/libertine/T1LinuxBiolinumT-TLF.fd
File: T1LinuxBiolinumT-TLF.fd 2017/03/20 (autoinst) Font definitions for T1/LinuxBiolinumT-TLF.
)
LaTeX Font Info:    Font shape `T1/LinuxBiolinumT-TLF/b/n' will be
(Font)              scaled to size 24.88pt on input line 4.
Package microtype Info: Loading generic protrusion settings for font family
(microtype)             `LinuxBiolinumT-TLF' (encoding: T1).
(microtype)             For optimal results, create family-specific settings.
(microtype)             See the microtype manual for details.
LaTeX Font Info:    Font shape `T1/LinuxLibertineT-TLF/m/it' will be
(Font)              scaled to size 12.0pt on input line 6.
LaTeX Font Info:    Font shape `T1/LinuxLibertineT-TLF/m/sc' will be
(Font)              scaled to size 12.0pt on input line 12.
LaTeX Font Info:    Trying to load font information for OT1+LinuxLibertineT-TLF on input line 14.
 (/usr/share/texlive/texmf-dist/tex/latex/libertine/OT1LinuxLibertineT-TLF.fd
File: OT1LinuxLibertineT-TLF.fd 2017/03/20 (autoinst) Font definitions for OT1/LinuxLibertineT-TLF.
)
LaTeX Font Info:    Font shape `OT1/LinuxLibertineT-TLF/m/n' will be
(Font)              scaled to size 12.0pt on input line 14.
Package microtype Info: Loading generic protrusion settings for font family
(microtype)             `LinuxLibertineT-TLF' (encoding: OT1).
(microtype)             For optimal results, create family-specific settings.
(microtype)             See the microtype manual for details.
LaTeX Font Info:    Font shape `OT1/LinuxLibertineT-TLF/m/n' will be
(Font)              scaled to size 8.8pt on input line 14.
LaTeX Font Info:    Font shape `OT1/LinuxLibertineT-TLF/m/n' will be
(Font)              scaled to size 6.6pt on input line 14.
LaTeX Font Info:    Font shape `OML/nxlmi/m/it' will be
(Font)              scaled to size 12.0pt on input line 14.
LaTeX Font Info:    Font shape `OML/nxlmi/m/it' will be
(Font)              scaled to size 8.8pt on input line 14.
LaTeX Font Info:    Font shape `OML/nxlmi/m/it' will be
(Font)              scaled to size 6.6pt on input line 14.
LaTeX Font Info:    Font shape `LMS/ntxsy/m/n' will be
(Font)              scaled to size 12.0pt on input line 14.
LaTeX Font Info:    Font shape `LMS/ntxsy/m/n' will be
(Font)              scaled to size 8.8pt on input line 14.
LaTeX Font Info:    Font shape `LMS/ntxsy/m/n' will be
(Font)              scaled to size 6.6pt on input line 14.
LaTeX Font Info:    Font shape `LMX/ntxexx/m/n' will be
(Font)              scaled to size 12.0pt on input line 14.
LaTeX Font Info:    Font shape `LMX/ntxexx/m/n' will be
(Font)              scaled to size 8.8pt on input line 14.
LaTeX Font Info:    Font shape `LMX/ntxexx/m/n' will be
(Font)              scaled to size 6.6pt on input line 14.
LaTeX Font Info:    Trying to load font information for U+ntxmia on input line 14.
 (/usr/share/texlive/texmf-dist/tex/latex/newtx/untxmia.fd
File: untxmia.fd 2024/04/09 Fontinst v1.933 font definitions for U/ntxmia.
)
LaTeX Font Info:    Font shape `U/ntxmia/m/it' will be
(Font)              scaled to size 12.0pt on input line 14.
LaTeX Font Info:    Font shape `U/ntxmia/m/it' will be
(Font)              scaled to size 8.8pt on input line 14.
LaTeX Font Info:    Font shape `U/ntxmia/m/it' will be
(Font)              scaled to size 6.6pt on input line 14.
LaTeX Font Info:    Trying to load font information for U+ntxsym on input line 14.
 (/usr/share/texlive/texmf-dist/tex/latex/newtx/untxsym.fd
File: untxsym.fd 2023/08/16 Fontinst v1.933 font definitions for U/ntxsym.
)
LaTeX Font Info:    Font shape `U/ntxsym/m/n' will be
(Font)              scaled to size 12.0pt on input line 14.
LaTeX Font Info:    Font shape `U/ntxsym/m/n' will be
(Font)              scaled to size 8.8pt on input line 14.
LaTeX Font Info:    Font shape `U/ntxsym/m/n' will be
(Font)              scaled to size 6.6pt on input line 14.
LaTeX Font Info:    Trying to load font information for U+ntxsyc on input line 14.
 (/usr/share/texlive/texmf-dist/tex/latex/newtx/untxsyc.fd
File: untxsyc.fd 2012/04/12 Fontinst v1.933 font definitions for U/ntxsyc.
)
LaTeX Font Info:    Font shape `U/ntxsyc/m/n' will be
(Font)              scaled to size 12.0pt on input line 14.
LaTeX Font Info:    Font shape `U/ntxsyc/m/n' will be
(Font)              scaled to size 8.8pt on input line 14.
LaTeX Font Info:    Font shape `U/ntxsyc/m/n' will be
(Font)              scaled to size 6.6pt on input line 14.
LaTeX Font Info:    Font shape `U/ntxexa/m/n' will be
(Font)              scaled to size 12.0pt on input line 14.
LaTeX Font Info:    Font shape `U/ntxexa/m/n' will be
(Font)              scaled to size 8.8pt on input line 14.
LaTeX Font Info:    Font shape `U/ntxexa/m/n' will be
(Font)              scaled to size 6.6pt on input line 14.
LaTeX Font Info:    Trying to load font information for U+rsfs on input line 14.
 (/usr/share/texlive/texmf-dist/tex/latex/jknapltx/ursfs.fd
File: ursfs.fd 1998/03/24 rsfs font definition file (jk)
)
LaTeX Font Info:    Trying to load font information for U+stmry on input line 14.
 (/usr/share/texlive/texmf-dist/tex/latex/stmaryrd/Ustmry.fd)
LaTeX Font Info:    Trying to load font information for T1+lmtt on input line 26.
 (/usr/share/texmf/tex/latex/lm/t1lmtt.fd
File: t1lmtt.fd 2015/05/01 v1.6.1 Font defs for Latin Modern
)
Package microtype Info: Loading generic protrusion settings for font family
(microtype)             `lmtt' (encoding: T1).
(microtype)             For optimal results, create family-specific settings.
(microtype)             See the microtype manual for details.
) [3


{/usr/share/texlive/texmf-dist/fonts/enc/dvips/libertine/lbtn_25tcsq.enc}{/usr/share/texlive/texmf-dist/fonts/enc/dvips/libertine/lbtn_7grukw.enc}{/usr/share/texlive/texmf-dist/fonts/enc/dvips/libertine/lbtn_oexx6f.enc}{/usr/share/texmf/fonts/enc/dvips/lm/lm-ec.enc}]
\tf@toc=\write6
\openout6 = `thesis.toc'.

 [4


]
LaTeX Font Info:    Font shape `T1/LinuxLibertineT-TLF/b/n' will be
(Font)              scaled to size 12.0pt on input line 130.
LaTeX Font Info:    Font shape `T1/LinuxLibertineT-TLF/b/sc' will be
(Font)              scaled to size 12.0pt on input line 130.
 [5{/usr/share/texlive/texmf-dist/fonts/enc/dvips/libertine/lbtn_tlukpt.enc}]
LaTeX Font Info:    Font shape `T1/LinuxLibertineT-TLF/m/n' will be
(Font)              scaled to size 10.95pt on input line 130.
 [6]
LaTeX Font Info:    Font shape `T1/LinuxLibertineT-TLF/m/it' will be
(Font)              scaled to size 10.95pt on input line 131.
 [7] [8

] (./_chapters/0-introduction.tex
LaTeX Font Info:    Font shape `T1/LinuxBiolinumT-TLF/m/n' will be
(Font)              scaled to size 17.28pt on input line 5.
LaTeX Font Info:    Font shape `T1/LinuxBiolinumT-TLF/b/n' will be
(Font)              scaled to size 17.28pt on input line 5.
 [1


]
LaTeX Font Info:    Font shape `T1/LinuxLibertineT-TLF/m/n' will be
(Font)              scaled to size 10.0pt on input line 78.
LaTeX Font Info:    Font shape `OT1/LinuxLibertineT-TLF/m/n' will be
(Font)              scaled to size 10.0pt on input line 79.
LaTeX Font Info:    Font shape `OT1/LinuxLibertineT-TLF/m/n' will be
(Font)              scaled to size 7.3pt on input line 79.
LaTeX Font Info:    Font shape `OT1/LinuxLibertineT-TLF/m/n' will be
(Font)              scaled to size 5.5pt on input line 79.
LaTeX Font Info:    Font shape `OML/nxlmi/m/it' will be
(Font)              scaled to size 10.0pt on input line 79.
LaTeX Font Info:    Font shape `OML/nxlmi/m/it' will be
(Font)              scaled to size 7.3pt on input line 79.
LaTeX Font Info:    Font shape `OML/nxlmi/m/it' will be
(Font)              scaled to size 5.5pt on input line 79.
LaTeX Font Info:    Font shape `LMS/ntxsy/m/n' will be
(Font)              scaled to size 10.0pt on input line 79.
LaTeX Font Info:    Font shape `LMS/ntxsy/m/n' will be
(Font)              scaled to size 7.3pt on input line 79.
LaTeX Font Info:    Font shape `LMS/ntxsy/m/n' will be
(Font)              scaled to size 5.5pt on input line 79.
LaTeX Font Info:    Font shape `LMX/ntxexx/m/n' will be
(Font)              scaled to size 10.0pt on input line 79.
LaTeX Font Info:    Font shape `LMX/ntxexx/m/n' will be
(Font)              scaled to size 7.3pt on input line 79.
LaTeX Font Info:    Font shape `LMX/ntxexx/m/n' will be
(Font)              scaled to size 5.5pt on input line 79.
LaTeX Font Info:    Font shape `U/ntxmia/m/it' will be
(Font)              scaled to size 10.0pt on input line 79.
LaTeX Font Info:    Font shape `U/ntxmia/m/it' will be
(Font)              scaled to size 7.3pt on input line 79.
LaTeX Font Info:    Font shape `U/ntxmia/m/it' will be
(Font)              scaled to size 5.5pt on input line 79.
LaTeX Font Info:    Font shape `U/ntxsym/m/n' will be
(Font)              scaled to size 10.0pt on input line 79.
LaTeX Font Info:    Font shape `U/ntxsym/m/n' will be
(Font)              scaled to size 7.3pt on input line 79.
LaTeX Font Info:    Font shape `U/ntxsym/m/n' will be
(Font)              scaled to size 5.5pt on input line 79.
LaTeX Font Info:    Font shape `U/ntxsyc/m/n' will be
(Font)              scaled to size 10.0pt on input line 79.
LaTeX Font Info:    Font shape `U/ntxsyc/m/n' will be
(Font)              scaled to size 7.3pt on input line 79.
LaTeX Font Info:    Font shape `U/ntxsyc/m/n' will be
(Font)              scaled to size 5.5pt on input line 79.
LaTeX Font Info:    Font shape `U/ntxexa/m/n' will be
(Font)              scaled to size 10.0pt on input line 79.
LaTeX Font Info:    Font shape `U/ntxexa/m/n' will be
(Font)              scaled to size 7.3pt on input line 79.
LaTeX Font Info:    Font shape `U/ntxexa/m/n' will be
(Font)              scaled to size 5.5pt on input line 79.


LaTeX Font Warning: Font shape `U/rsfs/m/n' in size <5.5> not available
(Font)              size <5> substituted on input line 79.


LaTeX Font Warning: Font shape `U/stmry/m/n' in size <5.5> not available
(Font)              size <5> substituted on input line 79.

LaTeX Font Info:    Font shape `T1/LinuxLibertineT-TLF/m/it' will be
(Font)              scaled to size 10.0pt on input line 83.
LaTeX Font Info:    Font shape `T1/LinuxLibertineT-TLF/b/n' will be
(Font)              scaled to size 10.0pt on input line 83.
LaTeX Font Info:    Trying to load font information for TS1+LinuxLibertineT-TLF on input line 105.
(/usr/share/texlive/texmf-dist/tex/latex/libertine/TS1LinuxLibertineT-TLF.fd
File: TS1LinuxLibertineT-TLF.fd 2017/03/20 (autoinst) Font definitions for TS1/LinuxLibertineT-TLF.
)
LaTeX Font Info:    Font shape `TS1/LinuxLibertineT-TLF/m/n' will be
(Font)              scaled to size 12.0pt on input line 105.
Package microtype Info: Loading generic protrusion settings for font family
(microtype)             `LinuxLibertineT-TLF' (encoding: TS1).
(microtype)             For optimal results, create family-specific settings.
(microtype)             See the microtype manual for details.
 [2{/usr/share/texlive/texmf-dist/fonts/enc/dvips/libertine/lbtn_naooyc.enc}] [3] [4]) [5] (./_chapters/1-background.tex [6

]
Capitolo 1.
LaTeX Font Info:    Font shape `T1/LinuxLibertineT-TLF/b/n' will be
(Font)              scaled to size 40.0pt on input line 1.
[7] [8]
Underfull \hbox (badness 2134) in paragraph at lines 112--112
[]|\T1/LinuxLibertineT-TLF/m/n/10 (+20) informazione im-
 []


Underfull \hbox (badness 1975) in paragraph at lines 114--115
[]|\T1/LinuxLibertineT-TLF/m/n/10 (+20) il mo-del-lo glo-ba-le è
 []


Underfull \hbox (badness 1117) in paragraph at lines 114--115
\T1/LinuxLibertineT-TLF/m/n/10 (+20) cor-ret-to; sot-to MAR,
 []


Underfull \hbox (badness 3148) in paragraph at lines 116--116
\T1/LinuxLibertineT-TLF/m/n/10 (+20) bu-ti ap-pre-se dai
 []


Underfull \hbox (badness 4819) in paragraph at lines 118--120
\T1/LinuxLibertineT-TLF/m/n/10 (+20) con-do la so-glia
 []


Underfull \hbox (badness 10000) in paragraph at lines 120--120
[]|\T1/LinuxLibertineT-TLF/m/n/10 (+20) dipendenze fra
 []


Underfull \vbox (badness 3158) has occurred while \output is active []

LaTeX Font Info:    Trying to load font information for T1+LinuxLibertineT-TOsF on input line 157.
 (/usr/share/texlive/texmf-dist/tex/latex/libertine/T1LinuxLibertineT-TOsF.fd
File: T1LinuxLibertineT-TOsF.fd 2017/03/20 (autoinst) Font definitions for T1/LinuxLibertineT-TOsF.
)
LaTeX Font Info:    Font shape `T1/LinuxLibertineT-TOsF/m/it' will be
(Font)              scaled to size 10.95pt on input line 157.
Package microtype Info: Loading generic protrusion settings for font family
(microtype)             `LinuxLibertineT-TOsF' (encoding: T1).
(microtype)             For optimal results, create family-specific settings.
(microtype)             See the microtype manual for details.
 [9{/usr/share/texlive/texmf-dist/fonts/enc/dvips/libertine/lbtn_oie7e6.enc}] [10] [11]) (./_chapters/2-renuver.tex [12]
Capitolo 2.
LaTeX Font Info:    Font shape `T1/LinuxBiolinumT-TLF/b/sc' will be
(Font)              scaled to size 24.88pt on input line 1.
LaTeX Font Info:    Font shape `T1/LinuxLibertineT-TLF/m/sc' will be
(Font)              scaled to size 10.0pt on input line 41.
[13

{/usr/share/texlive/texmf-dist/fonts/enc/dvips/libertine/lbtn_jtta5h.enc}] [14]
Package hyperref Info: bookmark level for unknown algorithm defaults to 0 on input line 150.
LaTeX Font Info:    Font shape `T1/LinuxLibertineT-TLF/m/scit' will be
(Font)              scaled to size 10.95pt on input line 189.
 [15{/usr/share/texlive/texmf-dist/fonts/enc/dvips/libertine/lbtn_iqbcqn.enc}] [16]
LaTeX Font Info:    Font shape `T1/LinuxLibertineT-TLF/m/n' will be
(Font)              scaled to size 8.0pt on input line 287.
LaTeX Font Info:    Font shape `OT1/LinuxLibertineT-TLF/m/n' will be
(Font)              scaled to size 8.0pt on input line 287.
LaTeX Font Info:    Font shape `OT1/LinuxLibertineT-TLF/m/n' will be
(Font)              scaled to size 6.0pt on input line 287.
LaTeX Font Info:    Font shape `OML/nxlmi/m/it' will be
(Font)              scaled to size 8.0pt on input line 287.
LaTeX Font Info:    Font shape `OML/nxlmi/m/it' will be
(Font)              scaled to size 6.0pt on input line 287.
LaTeX Font Info:    Font shape `LMS/ntxsy/m/n' will be
(Font)              scaled to size 8.0pt on input line 287.
LaTeX Font Info:    Font shape `LMS/ntxsy/m/n' will be
(Font)              scaled to size 6.0pt on input line 287.
LaTeX Font Info:    Font shape `LMX/ntxexx/m/n' will be
(Font)              scaled to size 8.0pt on input line 287.
LaTeX Font Info:    Font shape `LMX/ntxexx/m/n' will be
(Font)              scaled to size 6.0pt on input line 287.
LaTeX Font Info:    Font shape `U/ntxmia/m/it' will be
(Font)              scaled to size 8.0pt on input line 287.
LaTeX Font Info:    Font shape `U/ntxmia/m/it' will be
(Font)              scaled to size 6.0pt on input line 287.
LaTeX Font Info:    Font shape `U/ntxsym/m/n' will be
(Font)              scaled to size 8.0pt on input line 287.
LaTeX Font Info:    Font shape `U/ntxsym/m/n' will be
(Font)              scaled to size 6.0pt on input line 287.
LaTeX Font Info:    Font shape `U/ntxsyc/m/n' will be
(Font)              scaled to size 8.0pt on input line 287.
LaTeX Font Info:    Font shape `U/ntxsyc/m/n' will be
(Font)              scaled to size 6.0pt on input line 287.
LaTeX Font Info:    Font shape `U/ntxexa/m/n' will be
(Font)              scaled to size 8.0pt on input line 287.
LaTeX Font Info:    Font shape `U/ntxexa/m/n' will be
(Font)              scaled to size 6.0pt on input line 287.
 [17] [18]) (./_chapters/3-methodology.tex [19] [20

]
Capitolo 3.
[21] [22] [23]
LaTeX Font Info:    Font shape `T1/LinuxLibertineT-TLF/m/n' will be
(Font)              scaled to size 7.3pt on input line 176.
LaTeX Font Info:    Font shape `T1/LinuxLibertineT-TLF/m/n' will be
(Font)              scaled to size 6.0pt on input line 179.
 [24]
LaTeX Font Info:    Font shape `T1/LinuxLibertineT-TLF/m/n' will be
(Font)              scaled to size 8.8pt on input line 226.
LaTeX Font Info:    Font shape `T1/LinuxLibertineT-TLF/m/n' will be
(Font)              scaled to size 6.6pt on input line 226.
LaTeX Font Info:    Font shape `T1/lmtt/bx/n' in size <10> not available
(Font)              Font shape `T1/lmtt/b/n' tried instead on input line 267.

Underfull \hbox (badness 10000) in paragraph at lines 267--268
[]|\T1/LinuxLibertineT-TLF/m/n/10 (+20) nessuno ($\OT1/LinuxLibertineT-TLF/m/n/10 (+20) 113$\T1/LinuxLibertineT-TLF/m/n/10 (+20) /$\OT1/LinuxLibertineT-TLF/m/n/10 (+20) 113$
 []


Underfull \hbox (badness 1748) in paragraph at lines 269--270
[]|\T1/LinuxLibertineT-TLF/m/n/10 (+20) nessuna per-di-ta di
 []

LaTeX Font Info:    Font shape `T1/lmtt/bx/n' in size <12> not available
(Font)              Font shape `T1/lmtt/b/n' tried instead on input line 290.
[25] [26] [27]) (./_chapters/4-theory.tex [28]
Capitolo 4.
[29

] [30] [31]

Package hyperref Warning: No autoref name for `algorithm' on input line 184.

[32]) [33] (./_chapters/5-design.tex [34]
Capitolo 5.
[35

]
Underfull \hbox (badness 10000) in paragraph at lines 74--74
[]|\T1/LinuxLibertineT-TLF/m/n/10 (+20) riduzione in-fe-
 []


Underfull \hbox (badness 10000) in paragraph at lines 75--75
[]|\T1/LinuxLibertineT-TLF/m/n/10 (+20) output iden-ti-co al-la
 []


Underfull \hbox (badness 10000) in paragraph at lines 75--75
\T1/LinuxLibertineT-TLF/m/n/10 (+20) con-fi-gu-ra-zio-ne di
 []


Underfull \hbox (badness 1281) in paragraph at lines 75--75
[]|\T1/LinuxLibertineT-TLF/m/n/10 (+20) una so-la con-fi-
 []


Underfull \hbox (badness 10000) in paragraph at lines 75--75
\T1/LinuxLibertineT-TLF/m/n/10 (+20) gu-ra-zio-ne con
 []


Underfull \hbox (badness 10000) in paragraph at lines 76--76
[]|\T1/LinuxLibertineT-TLF/m/n/10 (+20) verifica em-pi-ri-ca di
 []


Underfull \hbox (badness 10000) in paragraph at lines 77--77
[]|\T1/LinuxLibertineT-TLF/m/n/10 (+20) nessun gua-da-
 []


Underfull \hbox (badness 5924) in paragraph at lines 78--78
[]|\T1/LinuxLibertineT-TLF/m/n/10 (+20) perdita su en-
 []


Underfull \hbox (badness 6758) in paragraph at lines 79--79
[]|\T1/LinuxLibertineT-TLF/m/n/10 (+20) il rior-di-no ca-
 []


Underfull \hbox (badness 10000) in paragraph at lines 80--80
[]|\T1/LinuxLibertineT-TLF/m/n/10 (+20) una con-fi-gu-
 []


Underfull \hbox (badness 10000) in paragraph at lines 80--80
\T1/LinuxLibertineT-TLF/m/n/10 (+20) ra-zio-ne con
 []


Underfull \hbox (badness 3058) in paragraph at lines 80--80
\T1/LinuxLibertineT-TLF/m/n/10 (+20) ri-du-zio-ne mag-
 []


Underfull \hbox (badness 3601) in paragraph at lines 80--80
\T1/LinuxLibertineT-TLF/m/n/10 (+20) gio-re e tem-po
 []

[36] [37] [38]) (./_chapters/6-experiments.tex [39] [40

]
Capitolo 6.
[41] [42]
LaTeX Font Info:    Font shape `T1/LinuxLibertineT-TLF/m/n' will be
(Font)              scaled to size 5.5pt on input line 102.

Underfull \hbox (badness 6016) in paragraph at lines 146--146
 [][]\T1/LinuxLibertineT-TLF/m/n/8 (+20) ordinamento: pri-
 []


Underfull \hbox (badness 2600) in paragraph at lines 146--146
 \T1/LinuxLibertineT-TLF/m/n/8 (+20) mo vs ca-sua-le ($\OML/nxlmi/m/it/8 p$ \T1/LinuxLibertineT-TLF/m/n/8 (+20) 0,89)
 []


Underfull \hbox (badness 3746) in paragraph at lines 146--146
 [][]\T1/LinuxLibertineT-TLF/m/n/8 (+20) ordinamento: pri-mo
 []


Underfull \hbox (badness 2680) in paragraph at lines 146--146
 \T1/LinuxLibertineT-TLF/m/n/8 (+20) vs ori-gi-na-le ($\OML/nxlmi/m/it/8 p$ \T1/LinuxLibertineT-TLF/m/n/8 (+20) 0,0016)
 []


Underfull \hbox (badness 1454) in paragraph at lines 146--146
 [][]\T1/LinuxLibertineT-TLF/m/n/8 (+20) A5b, er-ro-ri ($\OML/nxlmi/m/it/8 p$ $\OT1/LinuxLibertineT-TLF/m/n/8 (+20) 2[]5  \LMS/ntxsy/m/n/8 ^^A  \OT1/LinuxLibertineT-TLF/m/n/8 (+20) 10[]$\T1/LinuxLibertineT-TLF/m/n/8 (+20) )
 []


Underfull \hbox (badness 2027) in paragraph at lines 146--146
 [][]\T1/LinuxLibertineT-TLF/m/n/8 (+20) A5b, cor-ret-te ($\OML/nxlmi/m/it/8 p$ \T1/LinuxLibertineT-TLF/m/n/8 (+20) 0,0053)
 []

[43] [44] [45] [46]
LaTeX Font Info:    Font shape `OT1/LinuxLibertineT-TLF/sb/n' will be
(Font)              scaled to size 10.0pt on input line 380.
LaTeX Font Info:    Font shape `OT1/LinuxLibertineT-TLF/sb/n' will be
(Font)              scaled to size 7.3pt on input line 380.
LaTeX Font Info:    Font shape `OT1/LinuxLibertineT-TLF/sb/n' will be
(Font)              scaled to size 5.5pt on input line 380.
LaTeX Font Info:    Font shape `OT1/LinuxLibertineT-TLF/sb/n' will be
(Font)              scaled to size 12.0pt on input line 391.
LaTeX Font Info:    Font shape `OT1/LinuxLibertineT-TLF/sb/n' will be
(Font)              scaled to size 8.8pt on input line 391.
LaTeX Font Info:    Font shape `OT1/LinuxLibertineT-TLF/sb/n' will be
(Font)              scaled to size 6.6pt on input line 391.

Underfull \vbox (badness 1043) has occurred while \output is active []

 [47{/usr/share/texlive/texmf-dist/fonts/enc/dvips/libertine/lbtn_fygcup.enc}]) (./_chapters/7-results.tex [48]
Capitolo 7.
[49

] [50] [51] [52] [53]
LaTeX Font Info:    Font shape `OT1/LinuxLibertineT-TLF/sb/n' will be
(Font)              scaled to size 8.0pt on input line 341.
LaTeX Font Info:    Font shape `OT1/LinuxLibertineT-TLF/sb/n' will be
(Font)              scaled to size 6.0pt on input line 341.
 [54] [55] [56] [57]
Package pgfplots info on input line 587: Using 'lua backend=false' for axis: ymode=log unsupported (yet).
 [58] [59]) (./_chapters/8-discussion.tex [60]
Capitolo 8.

Underfull \hbox (badness 10000) in paragraph at lines 33--33
[]|\T1/lmtt/m/n/10 precision-priority
 []


Underfull \hbox (badness 10000) in paragraph at lines 34--34
[]|\T1/lmtt/m/n/10 precision-priority
 []

[61

] [62] [63] [64]
Package hyperref Info: bookmark level for unknown todo defaults to 0 on input line 164.


LaTeX Warning: Marginpar on page 65 moved.

) (./_chapters/9-defects.tex [65] [66

]
Capitolo 9.

Underfull \hbox (badness 10000) in paragraph at lines 56--57
[]|\T1/LinuxLibertineT-TLF/m/n/10 (+20) non cor-ret-to:
 []


Underfull \hbox (badness 1939) in paragraph at lines 56--57
\T1/LinuxLibertineT-TLF/m/n/10 (+20) non mo-di-fi-ca-
 []


Underfull \hbox (badness 1616) in paragraph at lines 58--59
\T1/LinuxLibertineT-TLF/m/n/10 (+20) na-men-te, con
 []


Underfull \hbox (badness 6188) in paragraph at lines 60--61
\T1/LinuxLibertineT-TLF/m/n/10 (+20) ec-ce-zio-ne di in-di-ce
 []


Underfull \hbox (badness 10000) in paragraph at lines 61--62
[]|\T1/LinuxLibertineT-TLF/m/n/10 (+20) non ri-pa-ra-
 []


Underfull \hbox (badness 4967) in paragraph at lines 61--62
\T1/LinuxLibertineT-TLF/m/n/10 (+20) to: co-sto di
 []


Underfull \hbox (badness 10000) in paragraph at lines 61--62
\T1/LinuxLibertineT-TLF/m/n/10 (+20) pre-pro-ces-sing
 []


Underfull \hbox (badness 2035) in paragraph at lines 63--63
[]|\T1/LinuxLibertineT-TLF/m/n/10 (+20) confronto fra i due
 []


Underfull \hbox (badness 10000) in paragraph at lines 63--64
[]|\T1/LinuxLibertineT-TLF/m/n/10 (+20) documentato:
 []


Underfull \hbox (badness 10000) in paragraph at lines 63--64
\T1/LinuxLibertineT-TLF/m/n/10 (+20) esclu-de che
 []


Underfull \hbox (badness 10000) in paragraph at lines 63--64
\T1/LinuxLibertineT-TLF/m/n/10 (+20) l'ar-chi-vio
 []


Underfull \hbox (badness 10000) in paragraph at lines 63--64
\T1/LinuxLibertineT-TLF/m/n/10 (+20) con-ten-ga
 []


Underfull \hbox (badness 10000) in paragraph at lines 63--64
\T1/LinuxLibertineT-TLF/m/n/10 (+20) una ver-sio-ne
 []


Underfull \hbox (badness 10000) in paragraph at lines 63--64
\T1/LinuxLibertineT-TLF/m/n/10 (+20) emen-da-ta di
 []


Underfull \vbox (badness 5417) has occurred while \output is active []

 [67] [68]
LaTeX Font Info:    Font shape `T1/LinuxBiolinumT-TLF/m/n' will be
(Font)              scaled to size 14.4pt on input line 82.
LaTeX Font Info:    Font shape `T1/LinuxBiolinumT-TLF/b/n' will be
(Font)              scaled to size 14.4pt on input line 82.
 [69] [70] [71] [72] [73]) (./_chapters/10-conclusions.tex [74] [75


]) (./_chapters/A-appendix-reproducibility.tex [76] [77] [78

]
Appendice A.
[79]
Underfull \hbox (badness 10000) in paragraph at lines 58--62
[]\T1/LinuxLibertineT-TLF/m/n/12 (+20) la se-con-da, \T1/lmtt/m/n/12 make_appendix_tables.py\T1/LinuxLibertineT-TLF/m/n/12 (+20) , ge-ne-ra le ta-bel-le com-ple-te
 []


Underfull \hbox (badness 3838) in paragraph at lines 93--93
[]\T1/LinuxLibertineT-TLF/m/n/12 (+20) Tabella A.1: |Ve-ri-fi-ca di equi-va-len-za del-la ri-com-pi-la-zio-ne. Con-fi-gu-ra-zio-ne
 []

[80]) (./_chapters/B-appendix-results.tex [81] [82

]
Appendice B.
(./_chapters/B-tables-generated.tex
./_chapters/B-tables-generated.tex:67: ignored error: Infinite glue shrinkage found in box being split [83]
./_chapters/B-tables-generated.tex:215: ignored error: Infinite glue shrinkage found in box being split [84]
./_chapters/B-tables-generated.tex:215: ignored error: Infinite glue shrinkage found in box being split [85])
LaTeX Font Info:    Font shape `T1/LinuxLibertineT-TLF/m/it' will be
(Font)              scaled to size 8.0pt on input line 41.
) [86] [87] [88

] [89

] [90] (./thesis.aux)
 ***********
LaTeX2e <2025-11-01>
L3 programming layer <2026-01-19>
 ***********


LaTeX Font Warning: Size substitutions with differences
(Font)              up to 1.36998pt have occurred.

Package rerunfilecheck Info: File `thesis.out' has not changed.
(rerunfilecheck)             Checksum: EAD705873675A81519B183BF49319DF9;18357.
Package logreq Info: Writing requests to 'thesis.run.xml'.
\openout1 = `thesis.run.xml'.

 ) 
Here is how much of TeX's memory you used:
 62206 strings out of 467533
 1372737 string characters out of 5422138
 2321893 words of memory out of 5000000
 88728 multiletter control sequences out of 15000+600000
 988042 words of font info for 867 fonts, out of 8000000 for 9000
 1141 hyphenation exceptions out of 8191
 132i,19n,135p,1050b,2799s stack positions out of 10000i,1000n,20000p,200000b,200000s

pdfTeX warning (dest): name{Hfootnote.1} has been referenced but does not exist, replaced by a fixed one

</usr/share/texlive/texmf-dist/fonts/type1/public/newtx/LibertineMathMI.pfb></usr/share/texlive/texmf-dist/fonts/type1/public/newtx/LibertineMathMI7.pfb></usr/share/texlive/texmf-dist/fonts/type1/public/newtx/LibertineMathRM.pfb></usr/share/texlive/texmf-dist/fonts/type1/public/libertine/LinBiolinumTB.pfb></usr/share/texlive/texmf-dist/fonts/type1/public/libertine/LinLibertineT.pfb></usr/share/texlive/texmf-dist/fonts/type1/public/libertine/LinLibertineTB.pfb></usr/share/texlive/texmf-dist/fonts/type1/public/libertine/LinLibertineTI.pfb></usr/share/texlive/texmf-dist/fonts/type1/public/libertine/LinLibertineTZ.pfb></usr/share/texlive/texmf-dist/fonts/type1/public/newtx/NewTXMI.pfb></usr/share/texmf/fonts/type1/public/lm/lmtk10.pfb></usr/share/texmf/fonts/type1/public/lm/lmtt10.pfb></usr/share/texmf/fonts/type1/public/lm/lmtt12.pfb></usr/share/texmf/fonts/type1/public/lm/lmtt8.pfb></usr/share/texlive/texmf-dist/fonts/type1/public/newtx/txmiaX.pfb></usr/share/texlive/texmf-dist/fonts/type1/public/newtx/txsys.pfb>
Output written on thesis.pdf (98 pages, 987421 bytes).
PDF statistics:
 1547 PDF objects out of 1728 (max. 8388607)
 1389 compressed objects within 14 object streams
 399 named destinations out of 1000 (max. 500000)
 193242 words of extra memory for PDF output out of 221844 (max. 10000000)

